DATAFLOW,LAST UPDATE,freq,unit,age,sex,geo,TIME_PERIOD,OBS_VALUE,OBS_FLAG
ESTAT:DEMO_PJAN(1.0),22/06/22 23:00:00,A,NR,TOTAL,F,AD,2012,38252,
ESTAT:DEMO_PJAN(1.0),22/06/22 23:00:00,A,NR,TOTAL,F,AD,2013,37408,
ESTAT:DEMO_PJAN(1.0),22/06/22 23:00:00,A,NR,TOTAL,F,AD,2019,37388,
ESTAT:DEMO_PJAN(1.0),22/06/22 23:00:00,A,NR,TOTAL,F,AL,2012,1444234,
ESTAT:DEMO_PJAN(1.0),22/06/22 23:00:00,A,NR,TOTAL,F,AL,2013,1437193,
ESTAT:DEMO_PJAN(1.0),22/06/22 23:00:00,A,NR,TOTAL,F,AL,2014,1430827,
ESTAT:DEMO_PJAN(1.0),22/06/22 23:00:00,A,NR,TOTAL,F,AL,2015,1424597,
ESTAT:DEMO_PJAN(1.0),22/06/22 23:00:00,A,NR,TOTAL,F,AL,2016,1417141,
ESTAT:DEMO_PJAN(1.0),22/06/22 23:00:00,A,NR,TOTAL,F,AL,2017,1423050,
ESTAT:DEMO_PJAN(1.0),22/06/22 23:00:00,A,NR,TOTAL,F,AL,2018,1431715,
ESTAT:DEMO_PJAN(1.0),22/06/22 23:00:00,A,NR,TOTAL,F,AL,2019,1432833,
ESTAT:DEMO_PJAN(1.0),22/06/22 23:00:00,A,NR,TOTAL,F,AL,2020,1425342,
ESTAT:DEMO_PJAN(1.0),22/06/22 23:00:00,A,NR,TOTAL,F,AL,2021,1419759,
ESTAT:DEMO_PJAN(1.0),22/06/22 23:00:00,A,NR,TOTAL,F,AM,2012,1684000,
ESTAT:DEMO_PJAN(1.0),22/06/22 23:00:00,A,NR,TOTAL,F,AM,2015,1571450,
ESTAT:DEMO_PJAN(1.0),22/06/22 23:00:00,A,NR,TOTAL,F,AM,2016,1569535,
ESTAT:DEMO_PJAN(1.0),22/06/22 23:00:00,A,NR,TOTAL,F,AM,2017,1567380,
ESTAT:DEMO_PJAN(1.0),22/06/22 23:00:00,A,NR,TOTAL,F,AM,2018,1564533,
ESTAT:DEMO_PJAN(1.0),22/06/22 23:00:00,A,NR,TOTAL,F,AM,2019,1563538,
ESTAT:DEMO_PJAN(1.0),22/06/22 23:00:00,A,NR,TOTAL,F,AM,2020,1562689,
ESTAT:DEMO_PJAN(1.0),22/06/22 23:00:00,A,NR,TOTAL,F,AM,2021,1565144,
ESTAT:DEMO_PJAN(1.0),22/06/22 23:00:00,A,NR,TOTAL,F,AT,2012,4309977,
ESTAT:DEMO_PJAN(1.0),22/06/22 23:00:00,A,NR,TOTAL,F,AT,2013,4328238,
ESTAT:DEMO_PJAN(1.0),22/06/22 23:00:00,A,NR,TOTAL,F,AT,2014,4352447,
ESTAT:DEMO_PJAN(1.0),22/06/22 23:00:00,A,NR,TOTAL,F,AT,2015,4384529,
ESTAT:DEMO_PJAN(1.0),22/06/22 23:00:00,A,NR,TOTAL,F,AT,2016,4427918,
ESTAT:DEMO_PJAN(1.0),22/06/22 23:00:00,A,NR,TOTAL,F,AT,2017,4460424,
ESTAT:DEMO_PJAN(1.0),22/06/22 23:00:00,A,NR,TOTAL,F,AT,2018,4483749,
ESTAT:DEMO_PJAN(1.0),22/06/22 23:00:00,A,NR,TOTAL,F,AT,2019,4501742,
ESTAT:DEMO_PJAN(1.0),22/06/22 23:00:00,A,NR,TOTAL,F,AT,2020,4522292,
ESTAT:DEMO_PJAN(1.0),22/06/22 23:00:00,A,NR,TOTAL,F,AT,2021,4535712,
ESTAT:DEMO_PJAN(1.0),22/06/22 23:00:00,A,NR,TOTAL,F,AZ,2012,4651601,
ESTAT:DEMO_PJAN(1.0),22/06/22 23:00:00,A,NR,TOTAL,F,AZ,2013,4707690,
ESTAT:DEMO_PJAN(1.0),22/06/22 23:00:00,A,NR,TOTAL,F,AZ,2014,4763571,
ESTAT:DEMO_PJAN(1.0),22/06/22 23:00:00,A,NR,TOTAL,F,AZ,2015,4817181,
ESTAT:DEMO_PJAN(1.0),22/06/22 23:00:00,A,NR,TOTAL,F,AZ,2016,4870002,
ESTAT:DEMO_PJAN(1.0),22/06/22 23:00:00,A,NR,TOTAL,F,AZ,2017,4918771,
ESTAT:DEMO_PJAN(1.0),22/06/22 23:00:00,A,NR,TOTAL,F,AZ,2018,4960058,
ESTAT:DEMO_PJAN(1.0),22/06/22 23:00:00,A,NR,TOTAL,F,AZ,2019,4999053,
ESTAT:DEMO_PJAN(1.0),22/06/22 23:00:00,A,NR,TOTAL,F,AZ,2020,5039100,
ESTAT:DEMO_PJAN(1.0),22/06/22 23:00:00,A,NR,TOTAL,F,AZ,2021,5065288,
ESTAT:DEMO_PJAN(1.0),22/06/22 23:00:00,A,NR,TOTAL,F,BA,2012,1963655,
ESTAT:DEMO_PJAN(1.0),22/06/22 23:00:00,A,NR,TOTAL,F,BE,2012,5635601,b
ESTAT:DEMO_PJAN(1.0),22/06/22 23:00:00,A,NR,TOTAL,F,BE,2013,5665118,
ESTAT:DEMO_PJAN(1.0),22/06/22 23:00:00,A,NR,TOTAL,F,BE,2014,5687048,
ESTAT:DEMO_PJAN(1.0),22/06/22 23:00:00,A,NR,TOTAL,F,BE,2015,5713206,
ESTAT:DEMO_PJAN(1.0),22/06/22 23:00:00,A,NR,TOTAL,F,BE,2016,5741853,
ESTAT:DEMO_PJAN(1.0),22/06/22 23:00:00,A,NR,TOTAL,F,BE,2017,5762455,
ESTAT:DEMO_PJAN(1.0),22/06/22 23:00:00,A,NR,TOTAL,F,BE,2018,5784371,
ESTAT:DEMO_PJAN(1.0),22/06/22 23:00:00,A,NR,TOTAL,F,BE,2019,5810693,
ESTAT:DEMO_PJAN(1.0),22/06/22 23:00:00,A,NR,TOTAL,F,BE,2020,5841215,
ESTAT:DEMO_PJAN(1.0),22/06/22 23:00:00,A,NR,TOTAL,F,BE,2021,5854293,
ESTAT:DEMO_PJAN(1.0),22/06/22 23:00:00,A,NR,TOTAL,F,BG,2012,3760457,
ESTAT:DEMO_PJAN(1.0),22/06/22 23:00:00,A,NR,TOTAL,F,BG,2013,3739479,
ESTAT:DEMO_PJAN(1.0),22/06/22 23:00:00,A,NR,TOTAL,F,BG,2014,3720732,
ESTAT:DEMO_PJAN(1.0),22/06/22 23:00:00,A,NR,TOTAL,F,BG,2015,3700183,
ESTAT:DEMO_PJAN(1.0),22/06/22 23:00:00,A,NR,TOTAL,F,BG,2016,3676607,
ESTAT:DEMO_PJAN(1.0),22/06/22 23:00:00,A,NR,TOTAL,F,BG,2017,3651881,
ESTAT:DEMO_PJAN(1.0),22/06/22 23:00:00,A,NR,TOTAL,F,BG,2018,3627625,
ESTAT:DEMO_PJAN(1.0),22/06/22 23:00:00,A,NR,TOTAL,F,BG,2019,3604338,
ESTAT:DEMO_PJAN(1.0),22/06/22 23:00:00,A,NR,TOTAL,F,BG,2020,3581836,
ESTAT:DEMO_PJAN(1.0),22/06/22 23:00:00,A,NR,TOTAL,F,BG,2021,3566833,
ESTAT:DEMO_PJAN(1.0),22/06/22 23:00:00,A,NR,TOTAL,F,BY,2012,5066857,
ESTAT:DEMO_PJAN(1.0),22/06/22 23:00:00,A,NR,TOTAL,F,BY,2013,5066314,
ESTAT:DEMO_PJAN(1.0),22/06/22 23:00:00,A,NR,TOTAL,F,BY,2014,5066943,
ESTAT:DEMO_PJAN(1.0),22/06/22 23:00:00,A,NR,TOTAL,F,BY,2015,5071671,
ESTAT:DEMO_PJAN(1.0),22/06/22 23:00:00,A,NR,TOTAL,F,BY,2016,5077522,
ESTAT:DEMO_PJAN(1.0),22/06/22 23:00:00,A,NR,TOTAL,F,BY,2017,5078185,
ESTAT:DEMO_PJAN(1.0),22/06/22 23:00:00,A,NR,TOTAL,F,BY,2018,5070289,
ESTAT:DEMO_PJAN(1.0),22/06/22 23:00:00,A,NR,TOTAL,F,BY,2019,5059429,
ESTAT:DEMO_PJAN(1.0),22/06/22 23:00:00,A,NR,TOTAL,F,CH,2012,4032409,
ESTAT:DEMO_PJAN(1.0),22/06/22 23:00:00,A,NR,TOTAL,F,CH,2013,4070536,
ESTAT:DEMO_PJAN(1.0),22/06/22 23:00:00,A,NR,TOTAL,F,CH,2014,4117540,
ESTAT:DEMO_PJAN(1.0),22/06/22 23:00:00,A,NR,TOTAL,F,CH,2015,4163786,
ESTAT:DEMO_PJAN(1.0),22/06/22 23:00:00,A,NR,TOTAL,F,CH,2016,4205655,
ESTAT:DEMO_PJAN(1.0),22/06/22 23:00:00,A,NR,TOTAL,F,CH,2017,4246113,
ESTAT:DEMO_PJAN(1.0),22/06/22 23:00:00,A,NR,TOTAL,F,CH,2018,4277696,
ESTAT:DEMO_PJAN(1.0),22/06/22 23:00:00,A,NR,TOTAL,F,CH,2019,4307406,
ESTAT:DEMO_PJAN(1.0),22/06/22 23:00:00,A,NR,TOTAL,F,CH,2020,4337170,
ESTAT:DEMO_PJAN(1.0),22/06/22 23:00:00,A,NR,TOTAL,F,CH,2021,4367701,
ESTAT:DEMO_PJAN(1.0),22/06/22 23:00:00,A,NR,TOTAL,F,CY,2012,443018,
ESTAT:DEMO_PJAN(1.0),22/06/22 23:00:00,A,NR,TOTAL,F,CY,2013,444842,
ESTAT:DEMO_PJAN(1.0),22/06/22 23:00:00,A,NR,TOTAL,F,CY,2014,440462,
ESTAT:DEMO_PJAN(1.0),22/06/22 23:00:00,A,NR,TOTAL,F,CY,2015,435183,
ESTAT:DEMO_PJAN(1.0),22/06/22 23:00:00,A,NR,TOTAL,F,CY,2016,435627,
ESTAT:DEMO_PJAN(1.0),22/06/22 23:00:00,A,NR,TOTAL,F,CY,2017,438139,
ESTAT:DEMO_PJAN(1.0),22/06/22 23:00:00,A,NR,TOTAL,F,CY,2018,442728,
ESTAT:DEMO_PJAN(1.0),22/06/22 23:00:00,A,NR,TOTAL,F,CY,2019,448068,
ESTAT:DEMO_PJAN(1.0),22/06/22 23:00:00,A,NR,TOTAL,F,CY,2020,453534,
ESTAT:DEMO_PJAN(1.0),22/06/22 23:00:00,A,NR,TOTAL,F,CY,2021,458357,
ESTAT:DEMO_PJAN(1.0),22/06/22 23:00:00,A,NR,TOTAL,F,CZ,2012,5347235,
ESTAT:DEMO_PJAN(1.0),22/06/22 23:00:00,A,NR,TOTAL,F,CZ,2013,5351776,
ESTAT:DEMO_PJAN(1.0),22/06/22 23:00:00,A,NR,TOTAL,F,CZ,2014,5350039,
ESTAT:DEMO_PJAN(1.0),22/06/22 23:00:00,A,NR,TOTAL,F,CZ,2015,5361348,
ESTAT:DEMO_PJAN(1.0),22/06/22 23:00:00,A,NR,TOTAL,F,CZ,2016,5367513,
ESTAT:DEMO_PJAN(1.0),22/06/22 23:00:00,A,NR,TOTAL,F,CZ,2017,5378133,
ESTAT:DEMO_PJAN(1.0),22/06/22 23:00:00,A,NR,TOTAL,F,CZ,2018,5390264,
ESTAT:DEMO_PJAN(1.0),22/06/22 23:00:00,A,NR,TOTAL,F,CZ,2019,5405606,
ESTAT:DEMO_PJAN(1.0),22/06/22 23:00:00,A,NR,TOTAL,F,CZ,2020,5421943,
ESTAT:DEMO_PJAN(1.0),22/06/22 23:00:00,A,NR,TOTAL,F,CZ,2021,5426674,
ESTAT:DEMO_PJAN(1.0),22/06/22 23:00:00,A,NR,TOTAL,F,DE,2012,41097953,
ESTAT:DEMO_PJAN(1.0),22/06/22 23:00:00,A,NR,TOTAL,F,DE,2013,41142770,
ESTAT:DEMO_PJAN(1.0),22/06/22 23:00:00,A,NR,TOTAL,F,DE,2014,41210540,
ESTAT:DEMO_PJAN(1.0),22/06/22 23:00:00,A,NR,TOTAL,F,DE,2015,41362080,
ESTAT:DEMO_PJAN(1.0),22/06/22 23:00:00,A,NR,TOTAL,F,DE,2016,41661561,
ESTAT:DEMO_PJAN(1.0),22/06/22 23:00:00,A,NR,TOTAL,F,DE,2017,41824535,
ESTAT:DEMO_PJAN(1.0),22/06/22 23:00:00,A,NR,TOTAL,F,DE,2018,41948786,
ESTAT:DEMO_PJAN(1.0),22/06/22 23:00:00,A,NR,TOTAL,F,DE,2019,42052522,
ESTAT:DEMO_PJAN(1.0),22/06/22 23:00:00,A,NR,TOTAL,F,DE,2020,42129098,
ESTAT:DEMO_PJAN(1.0),22/06/22 23:00:00,A,NR,TOTAL,F,DE,2021,42128512,
ESTAT:DEMO_PJAN(1.0),22/06/22 23:00:00,A,NR,TOTAL,F,DE_TOT,2012,41097953,
ESTAT:DEMO_PJAN(1.0),22/06/22 23:00:00,A,NR,TOTAL,F,DE_TOT,2013,41142770,
ESTAT:DEMO_PJAN(1.0),22/06/22 23:00:00,A,NR,TOTAL,F,DE_TOT,2014,41210540,
ESTAT:DEMO_PJAN(1.0),22/06/22 23:00:00,A,NR,TOTAL,F,DE_TOT,2015,41362080,
ESTAT:DEMO_PJAN(1.0),22/06/22 23:00:00,A,NR,TOTAL,F,DE_TOT,2016,41661561,
ESTAT:DEMO_PJAN(1.0),22/06/22 23:00:00,A,NR,TOTAL,F,DE_TOT,2017,41824535,
ESTAT:DEMO_PJAN(1.0),22/06/22 23:00:00,A,NR,TOTAL,F,DE_TOT,2018,41948786,
ESTAT:DEMO_PJAN(1.0),22/06/22 23:00:00,A,NR,TOTAL,F,DE_TOT,2019,42052522,
ESTAT:DEMO_PJAN(1.0),22/06/22 23:00:00,A,NR,TOTAL,F,DE_TOT,2020,42129098,
ESTAT:DEMO_PJAN(1.0),22/06/22 23:00:00,A,NR,TOTAL,F,DE_TOT,2021,42128512,
ESTAT:DEMO_PJAN(1.0),22/06/22 23:00:00,A,NR,TOTAL,F,DK,2012,2813740,
ESTAT:DEMO_PJAN(1.0),22/06/22 23:00:00,A,NR,TOTAL,F,DK,2013,2823776,
ESTAT:DEMO_PJAN(1.0),22/06/22 23:00:00,A,NR,TOTAL,F,DK,2014,2834956,
ESTAT:DEMO_PJAN(1.0),22/06/22 23:00:00,A,NR,TOTAL,F,DK,2015,2848701,
ESTAT:DEMO_PJAN(1.0),22/06/22 23:00:00,A,NR,TOTAL,F,DK,2016,2869364,
ESTAT:DEMO_PJAN(1.0),22/06/22 23:00:00,A,NR,TOTAL,F,DK,2017,2888591,
ESTAT:DEMO_PJAN(1.0),22/06/22 23:00:00,A,NR,TOTAL,F,DK,2018,2904717,
ESTAT:DEMO_PJAN(1.0),22/06/22 23:00:00,A,NR,TOTAL,F,DK,2019,2917008,
ESTAT:DEMO_PJAN(1.0),22/06/22 23:00:00,A,NR,TOTAL,F,DK,2020,2925845,
ESTAT:DEMO_PJAN(1.0),22/06/22 23:00:00,A,NR,TOTAL,F,DK,2021,2935188,
ESTAT:DEMO_PJAN(1.0),22/06/22 23:00:00,A,NR,TOTAL,F,EA18,2012,170332244,b
ESTAT:DEMO_PJAN(1.0),22/06/22 23:00:00,A,NR,TOTAL,F,EA18,2013,170698596,
ESTAT:DEMO_PJAN(1.0),22/06/22 23:00:00,A,NR,TOTAL,F,EA18,2014,171526728,b
ESTAT:DEMO_PJAN(1.0),22/06/22 23:00:00,A,NR,TOTAL,F,EA18,2015,171903671,b
ESTAT:DEMO_PJAN(1.0),22/06/22 23:00:00,A,NR,TOTAL,F,EA18,2016,172330130,
ESTAT:DEMO_PJAN(1.0),22/06/22 23:00:00,A,NR,TOTAL,F,EA18,2017,172705639,b
ESTAT:DEMO_PJAN(1.0),22/06/22 23:00:00,A,NR,TOTAL,F,EA18,2018,173048989,p
ESTAT:DEMO_PJAN(1.0),22/06/22 23:00:00,A,NR,TOTAL,F,EA18,2019,173152408,bep
ESTAT:DEMO_PJAN(1.0),22/06/22 23:00:00,A,NR,TOTAL,F,EA18,2020,173584437,p
ESTAT:DEMO_PJAN(1.0),22/06/22 23:00:00,A,NR,TOTAL,F,EA18,2021,173621004,p
ESTAT:DEMO_PJAN(1.0),22/06/22 23:00:00,A,NR,TOTAL,F,EA19,2012,171952374,b
ESTAT:DEMO_PJAN(1.0),22/06/22 23:00:00,A,NR,TOTAL,F,EA19,2013,172301610,
ESTAT:DEMO_PJAN(1.0),22/06/22 23:00:00,A,NR,TOTAL,F,EA19,2014,173114205,b
ESTAT:DEMO_PJAN(1.0),22/06/22 23:00:00,A,NR,TOTAL,F,EA19,2015,173478676,b
ESTAT:DEMO_PJAN(1.0),22/06/22 23:00:00,A,NR,TOTAL,F,EA19,2016,173889081,
ESTAT:DEMO_PJAN(1.0),22/06/22 23:00:00,A,NR,TOTAL,F,EA19,2017,174241357,b
ESTAT:DEMO_PJAN(1.0),22/06/22 23:00:00,A,NR,TOTAL,F,EA19,2018,174560597,p
ESTAT:DEMO_PJAN(1.0),22/06/22 23:00:00,A,NR,TOTAL,F,EA19,2019,174651001,bep
ESTAT:DEMO_PJAN(1.0),22/06/22 23:00:00,A,NR,TOTAL,F,EA19,2020,175074173,p
ESTAT:DEMO_PJAN(1.0),22/06/22 23:00:00,A,NR,TOTAL,F,EA19,2021,175103086,p
ESTAT:DEMO_PJAN(1.0),22/06/22 23:00:00,A,NR,TOTAL,F,EE,2012,707079,
ESTAT:DEMO_PJAN(1.0),22/06/22 23:00:00,A,NR,TOTAL,F,EE,2013,704007,
ESTAT:DEMO_PJAN(1.0),22/06/22 23:00:00,A,NR,TOTAL,F,EE,2014,700900,
ESTAT:DEMO_PJAN(1.0),22/06/22 23:00:00,A,NR,TOTAL,F,EE,2015,700166,b
ESTAT:DEMO_PJAN(1.0),22/06/22 23:00:00,A,NR,TOTAL,F,EE,2016,699236,
ESTAT:DEMO_PJAN(1.0),22/06/22 23:00:00,A,NR,TOTAL,F,EE,2017,698097,
ESTAT:DEMO_PJAN(1.0),22/06/22 23:00:00,A,NR,TOTAL,F,EE,2018,698049,
ESTAT:DEMO_PJAN(1.0),22/06/22 23:00:00,A,NR,TOTAL,F,EE,2019,699185,
ESTAT:DEMO_PJAN(1.0),22/06/22 23:00:00,A,NR,TOTAL,F,EE,2020,699699,
ESTAT:DEMO_PJAN(1.0),22/06/22 23:00:00,A,NR,TOTAL,F,EE,2021,699153,
ESTAT:DEMO_PJAN(1.0),22/06/22 23:00:00,A,NR,TOTAL,F,EEA30_2007,2012,258746076,b
ESTAT:DEMO_PJAN(1.0),22/06/22 23:00:00,A,NR,TOTAL,F,EEA30_2007,2013,259270058,
ESTAT:DEMO_PJAN(1.0),22/06/22 23:00:00,A,NR,TOTAL,F,EEA30_2007,2014,260249425,b
ESTAT:DEMO_PJAN(1.0),22/06/22 23:00:00,A,NR,TOTAL,F,EEA30_2007,2015,260865151,b
ESTAT:DEMO_PJAN(1.0),22/06/22 23:00:00,A,NR,TOTAL,F,EEA30_2007,2016,261489904,
ESTAT:DEMO_PJAN(1.0),22/06/22 23:00:00,A,NR,TOTAL,F,EEA30_2007,2017,262061005,b
ESTAT:DEMO_PJAN(1.0),22/06/22 23:00:00,A,NR,TOTAL,F,EEA30_2007,2018,262583496,p
ESTAT:DEMO_PJAN(1.0),22/06/22 23:00:00,A,NR,TOTAL,F,EEA30_2007,2019,262851801,bep
ESTAT:DEMO_PJAN(1.0),22/06/22 23:00:00,A,NR,TOTAL,F,EEA31,2012,260959751,b
ESTAT:DEMO_PJAN(1.0),22/06/22 23:00:00,A,NR,TOTAL,F,EEA31,2013,261475715,
ESTAT:DEMO_PJAN(1.0),22/06/22 23:00:00,A,NR,TOTAL,F,EEA31,2014,262446486,b
ESTAT:DEMO_PJAN(1.0),22/06/22 23:00:00,A,NR,TOTAL,F,EEA31,2015,263051240,b
ESTAT:DEMO_PJAN(1.0),22/06/22 23:00:00,A,NR,TOTAL,F,EEA31,2016,263657776,
ESTAT:DEMO_PJAN(1.0),22/06/22 23:00:00,A,NR,TOTAL,F,EEA31,2017,264210008,b
ESTAT:DEMO_PJAN(1.0),22/06/22 23:00:00,A,NR,TOTAL,F,EEA31,2018,264707190,p
ESTAT:DEMO_PJAN(1.0),22/06/22 23:00:00,A,NR,TOTAL,F,EEA31,2019,264955475,bep
ESTAT:DEMO_PJAN(1.0),22/06/22 23:00:00,A,NR,TOTAL,F,EFTA,2012,6697052,
ESTAT:DEMO_PJAN(1.0),22/06/22 23:00:00,A,NR,TOTAL,F,EFTA,2013,6764913,
ESTAT:DEMO_PJAN(1.0),22/06/22 23:00:00,A,NR,TOTAL,F,EFTA,2014,6839585,
ESTAT:DEMO_PJAN(1.0),22/06/22 23:00:00,A,NR,TOTAL,F,EFTA,2015,6913804,
ESTAT:DEMO_PJAN(1.0),22/06/22 23:00:00,A,NR,TOTAL,F,EFTA,2016,6976972,
ESTAT:DEMO_PJAN(1.0),22/06/22 23:00:00,A,NR,TOTAL,F,EFTA,2017,7041680,
ESTAT:DEMO_PJAN(1.0),22/06/22 23:00:00,A,NR,TOTAL,F,EFTA,2018,7095018,
ESTAT:DEMO_PJAN(1.0),22/06/22 23:00:00,A,NR,TOTAL,F,EFTA,2019,7144052,
ESTAT:DEMO_PJAN(1.0),22/06/22 23:00:00,A,NR,TOTAL,F,EFTA,2020,7194913,
ESTAT:DEMO_PJAN(1.0),22/06/22 23:00:00,A,NR,TOTAL,F,EFTA,2021,7239247,
ESTAT:DEMO_PJAN(1.0),22/06/22 23:00:00,A,NR,TOTAL,F,EL,2012,5662522,
ESTAT:DEMO_PJAN(1.0),22/06/22 23:00:00,A,NR,TOTAL,F,EL,2013,5637364,
ESTAT:DEMO_PJAN(1.0),22/06/22 23:00:00,A,NR,TOTAL,F,EL,2014,5613568,
ESTAT:DEMO_PJAN(1.0),22/06/22 23:00:00,A,NR,TOTAL,F,EL,2015,5589628,
ESTAT:DEMO_PJAN(1.0),22/06/22 23:00:00,A,NR,TOTAL,F,EL,2016,5559538,
ESTAT:DEMO_PJAN(1.0),22/06/22 23:00:00,A,NR,TOTAL,F,EL,2017,5546916,
ESTAT:DEMO_PJAN(1.0),22/06/22 23:00:00,A,NR,TOTAL,F,EL,2018,5531125,
ESTAT:DEMO_PJAN(1.0),22/06/22 23:00:00,A,NR,TOTAL,F,EL,2019,5516306,
ESTAT:DEMO_PJAN(1.0),22/06/22 23:00:00,A,NR,TOTAL,F,EL,2020,5503077,
ESTAT:DEMO_PJAN(1.0),22/06/22 23:00:00,A,NR,TOTAL,F,EL,2021,5482584,
ESTAT:DEMO_PJAN(1.0),22/06/22 23:00:00,A,NR,TOTAL,F,ES,2012,23719207,
ESTAT:DEMO_PJAN(1.0),22/06/22 23:00:00,A,NR,TOTAL,F,ES,2013,23710130,
ESTAT:DEMO_PJAN(1.0),22/06/22 23:00:00,A,NR,TOTAL,F,ES,2014,23634738,
ESTAT:DEMO_PJAN(1.0),22/06/22 23:00:00,A,NR,TOTAL,F,ES,2015,23623019,
ESTAT:DEMO_PJAN(1.0),22/06/22 23:00:00,A,NR,TOTAL,F,ES,2016,23632635,
ESTAT:DEMO_PJAN(1.0),22/06/22 23:00:00,A,NR,TOTAL,F,ES,2017,23693426,
ESTAT:DEMO_PJAN(1.0),22/06/22 23:00:00,A,NR,TOTAL,F,ES,2018,23776565,
ESTAT:DEMO_PJAN(1.0),22/06/22 23:00:00,A,NR,TOTAL,F,ES,2019,23927801,
ESTAT:DEMO_PJAN(1.0),22/06/22 23:00:00,A,NR,TOTAL,F,ES,2020,24133301,
ESTAT:DEMO_PJAN(1.0),22/06/22 23:00:00,A,NR,TOTAL,F,ES,2021,24171413,
ESTAT:DEMO_PJAN(1.0),22/06/22 23:00:00,A,NR,TOTAL,F,EU27_2007,2012,256081433,b
ESTAT:DEMO_PJAN(1.0),22/06/22 23:00:00,A,NR,TOTAL,F,EU27_2007,2013,256575681,
ESTAT:DEMO_PJAN(1.0),22/06/22 23:00:00,A,NR,TOTAL,F,EU27_2007,2014,257527380,b
ESTAT:DEMO_PJAN(1.0),22/06/22 23:00:00,A,NR,TOTAL,F,EU27_2007,2015,258115133,b
ESTAT:DEMO_PJAN(1.0),22/06/22 23:00:00,A,NR,TOTAL,F,EU27_2007,2016,258718587,
ESTAT:DEMO_PJAN(1.0),22/06/22 23:00:00,A,NR,TOTAL,F,EU27_2007,2017,259265438,b
ESTAT:DEMO_PJAN(1.0),22/06/22 23:00:00,A,NR,TOTAL,F,EU27_2007,2018,259766174,p
ESTAT:DEMO_PJAN(1.0),22/06/22 23:00:00,A,NR,TOTAL,F,EU27_2007,2019,260015155,bep
ESTAT:DEMO_PJAN(1.0),22/06/22 23:00:00,A,NR,TOTAL,F,EU27_2020,2012,226006146,b
ESTAT:DEMO_PJAN(1.0),22/06/22 23:00:00,A,NR,TOTAL,F,EU27_2020,2013,226300167,
ESTAT:DEMO_PJAN(1.0),22/06/22 23:00:00,A,NR,TOTAL,F,EU27_2020,2014,227036625,b
ESTAT:DEMO_PJAN(1.0),22/06/22 23:00:00,A,NR,TOTAL,F,EU27_2020,2015,227381928,b
ESTAT:DEMO_PJAN(1.0),22/06/22 23:00:00,A,NR,TOTAL,F,EU27_2020,2016,227733475,
ESTAT:DEMO_PJAN(1.0),22/06/22 23:00:00,A,NR,TOTAL,F,EU27_2020,2017,228050037,b
ESTAT:DEMO_PJAN(1.0),22/06/22 23:00:00,A,NR,TOTAL,F,EU27_2020,2018,228326248,p
ESTAT:DEMO_PJAN(1.0),22/06/22 23:00:00,A,NR,TOTAL,F,EU27_2020,2019,228372753,bep
ESTAT:DEMO_PJAN(1.0),22/06/22 23:00:00,A,NR,TOTAL,F,EU27_2020,2020,228763757,ep
ESTAT:DEMO_PJAN(1.0),22/06/22 23:00:00,A,NR,TOTAL,F,EU27_2020,2021,228673217,ep
ESTAT:DEMO_PJAN(1.0),22/06/22 23:00:00,A,NR,TOTAL,F,EU28,2012,258295108,b
ESTAT:DEMO_PJAN(1.0),22/06/22 23:00:00,A,NR,TOTAL,F,EU28,2013,258781338,
ESTAT:DEMO_PJAN(1.0),22/06/22 23:00:00,A,NR,TOTAL,F,EU28,2014,259724441,b
ESTAT:DEMO_PJAN(1.0),22/06/22 23:00:00,A,NR,TOTAL,F,EU28,2015,260301222,b
ESTAT:DEMO_PJAN(1.0),22/06/22 23:00:00,A,NR,TOTAL,F,EU28,2016,260886459,
ESTAT:DEMO_PJAN(1.0),22/06/22 23:00:00,A,NR,TOTAL,F,EU28,2017,261414441,b
ESTAT:DEMO_PJAN(1.0),22/06/22 23:00:00,A,NR,TOTAL,F,EU28,2018,261889868,p
ESTAT:DEMO_PJAN(1.0),22/06/22 23:00:00,A,NR,TOTAL,F,EU28,2019,262118829,bep
ESTAT:DEMO_PJAN(1.0),22/06/22 23:00:00,A,NR,TOTAL,F,FI,2012,2748733,
ESTAT:DEMO_PJAN(1.0),22/06/22 23:00:00,A,NR,TOTAL,F,FI,2013,2760052,
ESTAT:DEMO_PJAN(1.0),22/06/22 23:00:00,A,NR,TOTAL,F,FI,2014,2770906,
ESTAT:DEMO_PJAN(1.0),22/06/22 23:00:00,A,NR,TOTAL,F,FI,2015,2779890,
ESTAT:DEMO_PJAN(1.0),22/06/22 23:00:00,A,NR,TOTAL,F,FI,2016,2785818,
ESTAT:DEMO_PJAN(1.0),22/06/22 23:00:00,A,NR,TOTAL,F,FI,2017,2790970,
ESTAT:DEMO_PJAN(1.0),22/06/22 23:00:00,A,NR,TOTAL,F,FI,2018,2793999,
ESTAT:DEMO_PJAN(1.0),22/06/22 23:00:00,A,NR,TOTAL,F,FI,2019,2794629,
ESTAT:DEMO_PJAN(1.0),22/06/22 23:00:00,A,NR,TOTAL,F,FI,2020,2797030,
ESTAT:DEMO_PJAN(1.0),22/06/22 23:00:00,A,NR,TOTAL,F,FI,2021,2799985,
ESTAT:DEMO_PJAN(1.0),22/06/22 23:00:00,A,NR,TOTAL,F,FR,2012,33671600,b
ESTAT:DEMO_PJAN(1.0),22/06/22 23:00:00,A,NR,TOTAL,F,FR,2013,33827685,
ESTAT:DEMO_PJAN(1.0),22/06/22 23:00:00,A,NR,TOTAL,F,FR,2014,34120851,b
ESTAT:DEMO_PJAN(1.0),22/06/22 23:00:00,A,NR,TOTAL,F,FR,2015,34283895,
ESTAT:DEMO_PJAN(1.0),22/06/22 23:00:00,A,NR,TOTAL,F,FR,2016,34391005,
ESTAT:DEMO_PJAN(1.0),22/06/22 23:00:00,A,NR,TOTAL,F,FR,2017,34495464,
ESTAT:DEMO_PJAN(1.0),22/06/22 23:00:00,A,NR,TOTAL,F,FR,2018,34611994,p
ESTAT:DEMO_PJAN(1.0),22/06/22 23:00:00,A,NR,TOTAL,F,FR,2019,34701745,p
ESTAT:DEMO_PJAN(1.0),22/06/22 23:00:00,A,NR,TOTAL,F,FR,2020,34787547,p
ESTAT:DEMO_PJAN(1.0),22/06/22 23:00:00,A,NR,TOTAL,F,FR,2021,34939338,p
ESTAT:DEMO_PJAN(1.0),22/06/22 23:00:00,A,NR,TOTAL,F,FX,2012,32676801,
ESTAT:DEMO_PJAN(1.0),22/06/22 23:00:00,A,NR,TOTAL,F,FX,2013,32831856,
ESTAT:DEMO_PJAN(1.0),22/06/22 23:00:00,A,NR,TOTAL,F,GE,2012,2353823,
ESTAT:DEMO_PJAN(1.0),22/06/22 23:00:00,A,NR,TOTAL,F,GE,2014,2349126,
ESTAT:DEMO_PJAN(1.0),22/06/22 23:00:00,A,NR,TOTAL,F,GE,2015,1951000,
ESTAT:DEMO_PJAN(1.0),22/06/22 23:00:00,A,NR,TOTAL,F,GE,2016,1940900,
ESTAT:DEMO_PJAN(1.0),22/06/22 23:00:00,A,NR,TOTAL,F,GE,2017,1936700,
ESTAT:DEMO_PJAN(1.0),22/06/22 23:00:00,A,NR,TOTAL,F,GE,2018,1938074,
ESTAT:DEMO_PJAN(1.0),22/06/22 23:00:00,A,NR,TOTAL,F,GE,2019,1932565,
ESTAT:DEMO_PJAN(1.0),22/06/22 23:00:00,A,NR,TOTAL,F,GE,2020,1926579,
ESTAT:DEMO_PJAN(1.0),22/06/22 23:00:00,A,NR,TOTAL,F,GE,2021,1932350,
ESTAT:DEMO_PJAN(1.0),22/06/22 23:00:00,A,NR,TOTAL,F,HR,2012,2213675,
ESTAT:DEMO_PJAN(1.0),22/06/22 23:00:00,A,NR,TOTAL,F,HR,2013,2205657,
ESTAT:DEMO_PJAN(1.0),22/06/22 23:00:00,A,NR,TOTAL,F,HR,2014,2197061,
ESTAT:DEMO_PJAN(1.0),22/06/22 23:00:00,A,NR,TOTAL,F,HR,2015,2186089,
ESTAT:DEMO_PJAN(1.0),22/06/22 23:00:00,A,NR,TOTAL,F,HR,2016,2167872,
ESTAT:DEMO_PJAN(1.0),22/06/22 23:00:00,A,NR,TOTAL,F,HR,2017,2149003,
ESTAT:DEMO_PJAN(1.0),22/06/22 23:00:00,A,NR,TOTAL,F,HR,2018,2123694,
ESTAT:DEMO_PJAN(1.0),22/06/22 23:00:00,A,NR,TOTAL,F,HR,2019,2103674,
ESTAT:DEMO_PJAN(1.0),22/06/22 23:00:00,A,NR,TOTAL,F,HR,2020,2086515,
ESTAT:DEMO_PJAN(1.0),22/06/22 23:00:00,A,NR,TOTAL,F,HR,2021,2071425,
ESTAT:DEMO_PJAN(1.0),22/06/22 23:00:00,A,NR,TOTAL,F,HU,2012,5207259,b
ESTAT:DEMO_PJAN(1.0),22/06/22 23:00:00,A,NR,TOTAL,F,HU,2013,5192845,
ESTAT:DEMO_PJAN(1.0),22/06/22 23:00:00,A,NR,TOTAL,F,HU,2014,5173974,
ESTAT:DEMO_PJAN(1.0),22/06/22 23:00:00,A,NR,TOTAL,F,HU,2015,5159792,
ESTAT:DEMO_PJAN(1.0),22/06/22 23:00:00,A,NR,TOTAL,F,HU,2016,5141966,
ESTAT:DEMO_PJAN(1.0),22/06/22 23:00:00,A,NR,TOTAL,F,HU,2017,5122270,
ESTAT:DEMO_PJAN(1.0),22/06/22 23:00:00,A,NR,TOTAL,F,HU,2018,5106769,
ESTAT:DEMO_PJAN(1.0),22/06/22 23:00:00,A,NR,TOTAL,F,HU,2019,5096935,
ESTAT:DEMO_PJAN(1.0),22/06/22 23:00:00,A,NR,TOTAL,F,HU,2020,5088736,
ESTAT:DEMO_PJAN(1.0),22/06/22 23:00:00,A,NR,TOTAL,F,HU,2021,5066978,
ESTAT:DEMO_PJAN(1.0),22/06/22 23:00:00,A,NR,TOTAL,F,IE,2012,2315288,
ESTAT:DEMO_PJAN(1.0),22/06/22 23:00:00,A,NR,TOTAL,F,IE,2013,2326317,
ESTAT:DEMO_PJAN(1.0),22/06/22 23:00:00,A,NR,TOTAL,F,IE,2014,2342002,
ESTAT:DEMO_PJAN(1.0),22/06/22 23:00:00,A,NR,TOTAL,F,IE,2015,2364285,
ESTAT:DEMO_PJAN(1.0),22/06/22 23:00:00,A,NR,TOTAL,F,IE,2016,2387145,
ESTAT:DEMO_PJAN(1.0),22/06/22 23:00:00,A,NR,TOTAL,F,IE,2017,2416465,
ESTAT:DEMO_PJAN(1.0),22/06/22 23:00:00,A,NR,TOTAL,F,IE,2018,2438169,
ESTAT:DEMO_PJAN(1.0),22/06/22 23:00:00,A,NR,TOTAL,F,IE,2019,2475359,e
ESTAT:DEMO_PJAN(1.0),22/06/22 23:00:00,A,NR,TOTAL,F,IE,2020,2506783,
ESTAT:DEMO_PJAN(1.0),22/06/22 23:00:00,A,NR,TOTAL,F,IE,2021,2528521,
ESTAT:DEMO_PJAN(1.0),22/06/22 23:00:00,A,NR,TOTAL,F,IS,2012,159211,
ESTAT:DEMO_PJAN(1.0),22/06/22 23:00:00,A,NR,TOTAL,F,IS,2013,160419,
ESTAT:DEMO_PJAN(1.0),22/06/22 23:00:00,A,NR,TOTAL,F,IS,2014,162353,
ESTAT:DEMO_PJAN(1.0),22/06/22 23:00:00,A,NR,TOTAL,F,IS,2015,163914,
ESTAT:DEMO_PJAN(1.0),22/06/22 23:00:00,A,NR,TOTAL,F,IS,2016,165259,
ESTAT:DEMO_PJAN(1.0),22/06/22 23:00:00,A,NR,TOTAL,F,IS,2017,167316,
ESTAT:DEMO_PJAN(1.0),22/06/22 23:00:00,A,NR,TOTAL,F,IS,2018,170850,
ESTAT:DEMO_PJAN(1.0),22/06/22 23:00:00,A,NR,TOTAL,F,IS,2019,174154,
ESTAT:DEMO_PJAN(1.0),22/06/22 23:00:00,A,NR,TOTAL,F,IS,2020,177193,
ESTAT:DEMO_PJAN(1.0),22/06/22 23:00:00,A,NR,TOTAL,F,IS,2021,179749,
ESTAT:DEMO_PJAN(1.0),22/06/22 23:00:00,A,NR,TOTAL,F,IT,2012,30667608,
ESTAT:DEMO_PJAN(1.0),22/06/22 23:00:00,A,NR,TOTAL,F,IT,2013,30795630,
ESTAT:DEMO_PJAN(1.0),22/06/22 23:00:00,A,NR,TOTAL,F,IT,2014,31298104,
ESTAT:DEMO_PJAN(1.0),22/06/22 23:00:00,A,NR,TOTAL,F,IT,2015,31294022,
ESTAT:DEMO_PJAN(1.0),22/06/22 23:00:00,A,NR,TOTAL,F,IT,2016,31209230,
ESTAT:DEMO_PJAN(1.0),22/06/22 23:00:00,A,NR,TOTAL,F,IT,2017,31143704,
ESTAT:DEMO_PJAN(1.0),22/06/22 23:00:00,A,NR,TOTAL,F,IT,2018,31056366,
ESTAT:DEMO_PJAN(1.0),22/06/22 23:00:00,A,NR,TOTAL,F,IT,2019,30685478,b
ESTAT:DEMO_PJAN(1.0),22/06/22 23:00:00,A,NR,TOTAL,F,IT,2020,30591392,
ESTAT:DEMO_PJAN(1.0),22/06/22 23:00:00,A,NR,TOTAL,F,IT,2021,30369987,
ESTAT:DEMO_PJAN(1.0),22/06/22 23:00:00,A,NR,TOTAL,F,LI,2012,18433,
ESTAT:DEMO_PJAN(1.0),22/06/22 23:00:00,A,NR,TOTAL,F,LI,2013,18591,
ESTAT:DEMO_PJAN(1.0),22/06/22 23:00:00,A,NR,TOTAL,F,LI,2014,18729,
ESTAT:DEMO_PJAN(1.0),22/06/22 23:00:00,A,NR,TOTAL,F,LI,2015,18813,
ESTAT:DEMO_PJAN(1.0),22/06/22 23:00:00,A,NR,TOTAL,F,LI,2016,18962,
ESTAT:DEMO_PJAN(1.0),22/06/22 23:00:00,A,NR,TOTAL,F,LI,2017,19064,
ESTAT:DEMO_PJAN(1.0),22/06/22 23:00:00,A,NR,TOTAL,F,LI,2018,19224,
ESTAT:DEMO_PJAN(1.0),22/06/22 23:00:00,A,NR,TOTAL,F,LI,2019,19353,
ESTAT:DEMO_PJAN(1.0),22/06/22 23:00:00,A,NR,TOTAL,F,LI,2020,19532,
ESTAT:DEMO_PJAN(1.0),22/06/22 23:00:00,A,NR,TOTAL,F,LI,2021,19687,
ESTAT:DEMO_PJAN(1.0),22/06/22 23:00:00,A,NR,TOTAL,F,LT,2012,1620130,
ESTAT:DEMO_PJAN(1.0),22/06/22 23:00:00,A,NR,TOTAL,F,LT,2013,1603014,
ESTAT:DEMO_PJAN(1.0),22/06/22 23:00:00,A,NR,TOTAL,F,LT,2014,1587477,
ESTAT:DEMO_PJAN(1.0),22/06/22 23:00:00,A,NR,TOTAL,F,LT,2015,1575005,
ESTAT:DEMO_PJAN(1.0),22/06/22 23:00:00,A,NR,TOTAL,F,LT,2016,1558951,
ESTAT:DEMO_PJAN(1.0),22/06/22 23:00:00,A,NR,TOTAL,F,LT,2017,1535718,
ESTAT:DEMO_PJAN(1.0),22/06/22 23:00:00,A,NR,TOTAL,F,LT,2018,1511608,
ESTAT:DEMO_PJAN(1.0),22/06/22 23:00:00,A,NR,TOTAL,F,LT,2019,1498593,
ESTAT:DEMO_PJAN(1.0),22/06/22 23:00:00,A,NR,TOTAL,F,LT,2020,1489736,
ESTAT:DEMO_PJAN(1.0),22/06/22 23:00:00,A,NR,TOTAL,F,LT,2021,1482082,
ESTAT:DEMO_PJAN(1.0),22/06/22 23:00:00,A,NR,TOTAL,F,LU,2012,263033,b
ESTAT:DEMO_PJAN(1.0),22/06/22 23:00:00,A,NR,TOTAL,F,LU,2013,268627,
ESTAT:DEMO_PJAN(1.0),22/06/22 23:00:00,A,NR,TOTAL,F,LU,2014,274563,
ESTAT:DEMO_PJAN(1.0),22/06/22 23:00:00,A,NR,TOTAL,F,LU,2015,280986,
ESTAT:DEMO_PJAN(1.0),22/06/22 23:00:00,A,NR,TOTAL,F,LU,2016,287056,
ESTAT:DEMO_PJAN(1.0),22/06/22 23:00:00,A,NR,TOTAL,F,LU,2017,294026,b
ESTAT:DEMO_PJAN(1.0),22/06/22 23:00:00,A,NR,TOTAL,F,LU,2018,299425,
ESTAT:DEMO_PJAN(1.0),22/06/22 23:00:00,A,NR,TOTAL,F,LU,2019,305174,
ESTAT:DEMO_PJAN(1.0),22/06/22 23:00:00,A,NR,TOTAL,F,LU,2020,311144,
ESTAT:DEMO_PJAN(1.0),22/06/22 23:00:00,A,NR,TOTAL,F,LU,2021,315274,
ESTAT:DEMO_PJAN(1.0),22/06/22 23:00:00,A,NR,TOTAL,F,LV,2012,1110001,
ESTAT:DEMO_PJAN(1.0),22/06/22 23:00:00,A,NR,TOTAL,F,LV,2013,1097245,
ESTAT:DEMO_PJAN(1.0),22/06/22 23:00:00,A,NR,TOTAL,F,LV,2014,1084423,
ESTAT:DEMO_PJAN(1.0),22/06/22 23:00:00,A,NR,TOTAL,F,LV,2015,1074889,
ESTAT:DEMO_PJAN(1.0),22/06/22 23:00:00,A,NR,TOTAL,F,LV,2016,1064658,
ESTAT:DEMO_PJAN(1.0),22/06/22 23:00:00,A,NR,TOTAL,F,LV,2017,1054433,
ESTAT:DEMO_PJAN(1.0),22/06/22 23:00:00,A,NR,TOTAL,F,LV,2018,1044738,
ESTAT:DEMO_PJAN(1.0),22/06/22 23:00:00,A,NR,TOTAL,F,LV,2019,1035059,
ESTAT:DEMO_PJAN(1.0),22/06/22 23:00:00,A,NR,TOTAL,F,LV,2020,1026719,
ESTAT:DEMO_PJAN(1.0),22/06/22 23:00:00,A,NR,TOTAL,F,LV,2021,1017998,
ESTAT:DEMO_PJAN(1.0),22/06/22 23:00:00,A,NR,TOTAL,F,MD,2012,1847816,
ESTAT:DEMO_PJAN(1.0),22/06/22 23:00:00,A,NR,TOTAL,F,MD,2013,1847151,
ESTAT:DEMO_PJAN(1.0),22/06/22 23:00:00,A,NR,TOTAL,F,MD,2014,1846128,
ESTAT:DEMO_PJAN(1.0),22/06/22 23:00:00,A,NR,TOTAL,F,MD,2015,1844915,
ESTAT:DEMO_PJAN(1.0),22/06/22 23:00:00,A,NR,TOTAL,F,MD,2017,1843489,
ESTAT:DEMO_PJAN(1.0),22/06/22 23:00:00,A,NR,TOTAL,F,MD,2021,1357200,p
ESTAT:DEMO_PJAN(1.0),22/06/22 23:00:00,A,NR,TOTAL,F,ME,2012,313949,
ESTAT:DEMO_PJAN(1.0),22/06/22 23:00:00,A,NR,TOTAL,F,ME,2013,314092,
ESTAT:DEMO_PJAN(1.0),22/06/22 23:00:00,A,NR,TOTAL,F,ME,2014,314366,
ESTAT:DEMO_PJAN(1.0),22/06/22 23:00:00,A,NR,TOTAL,F,ME,2015,314577,
ESTAT:DEMO_PJAN(1.0),22/06/22 23:00:00,A,NR,TOTAL,F,ME,2016,314484,
ESTAT:DEMO_PJAN(1.0),22/06/22 23:00:00,A,NR,TOTAL,F,ME,2017,314635,
ESTAT:DEMO_PJAN(1.0),22/06/22 23:00:00,A,NR,TOTAL,F,ME,2018,314618,
ESTAT:DEMO_PJAN(1.0),22/06/22 23:00:00,A,NR,TOTAL,F,ME,2019,314470,
ESTAT:DEMO_PJAN(1.0),22/06/22 23:00:00,A,NR,TOTAL,F,ME,2020,314318,
ESTAT:DEMO_PJAN(1.0),22/06/22 23:00:00,A,NR,TOTAL,F,ME,2021,313875,
ESTAT:DEMO_PJAN(1.0),22/06/22 23:00:00,A,NR,TOTAL,F,MK,2012,1027868,
ESTAT:DEMO_PJAN(1.0),22/06/22 23:00:00,A,NR,TOTAL,F,MK,2013,1029156,
ESTAT:DEMO_PJAN(1.0),22/06/22 23:00:00,A,NR,TOTAL,F,MK,2014,1030928,
ESTAT:DEMO_PJAN(1.0),22/06/22 23:00:00,A,NR,TOTAL,F,MK,2015,1032654,
ESTAT:DEMO_PJAN(1.0),22/06/22 23:00:00,A,NR,TOTAL,F,MK,2016,1033677,
ESTAT:DEMO_PJAN(1.0),22/06/22 23:00:00,A,NR,TOTAL,F,MK,2017,1035089,
ESTAT:DEMO_PJAN(1.0),22/06/22 23:00:00,A,NR,TOTAL,F,MK,2018,1036018,
ESTAT:DEMO_PJAN(1.0),22/06/22 23:00:00,A,NR,TOTAL,F,MK,2019,1036932,
ESTAT:DEMO_PJAN(1.0),22/06/22 23:00:00,A,NR,TOTAL,F,MK,2020,1036539,
ESTAT:DEMO_PJAN(1.0),22/06/22 23:00:00,A,NR,TOTAL,F,MK,2021,1033590,
ESTAT:DEMO_PJAN(1.0),22/06/22 23:00:00,A,NR,TOTAL,F,MT,2012,209851,
ESTAT:DEMO_PJAN(1.0),22/06/22 23:00:00,A,NR,TOTAL,F,MT,2013,212126,
ESTAT:DEMO_PJAN(1.0),22/06/22 23:00:00,A,NR,TOTAL,F,MT,2014,214891,
ESTAT:DEMO_PJAN(1.0),22/06/22 23:00:00,A,NR,TOTAL,F,MT,2015,219203,
ESTAT:DEMO_PJAN(1.0),22/06/22 23:00:00,A,NR,TOTAL,F,MT,2016,224019,
ESTAT:DEMO_PJAN(1.0),22/06/22 23:00:00,A,NR,TOTAL,F,MT,2017,228634,
ESTAT:DEMO_PJAN(1.0),22/06/22 23:00:00,A,NR,TOTAL,F,MT,2018,235102,
ESTAT:DEMO_PJAN(1.0),22/06/22 23:00:00,A,NR,TOTAL,F,MT,2019,241723,
ESTAT:DEMO_PJAN(1.0),22/06/22 23:00:00,A,NR,TOTAL,F,MT,2020,248802,
ESTAT:DEMO_PJAN(1.0),22/06/22 23:00:00,A,NR,TOTAL,F,MT,2021,249161,
ESTAT:DEMO_PJAN(1.0),22/06/22 23:00:00,A,NR,TOTAL,F,NL,2012,8447477,
ESTAT:DEMO_PJAN(1.0),22/06/22 23:00:00,A,NR,TOTAL,F,NL,2013,8472236,
ESTAT:DEMO_PJAN(1.0),22/06/22 23:00:00,A,NR,TOTAL,F,NL,2014,8494904,
ESTAT:DEMO_PJAN(1.0),22/06/22 23:00:00,A,NR,TOTAL,F,NL,2015,8527868,
ESTAT:DEMO_PJAN(1.0),22/06/22 23:00:00,A,NR,TOTAL,F,NL,2016,8561985,
ESTAT:DEMO_PJAN(1.0),22/06/22 23:00:00,A,NR,TOTAL,F,NL,2017,8606405,
ESTAT:DEMO_PJAN(1.0),22/06/22 23:00:00,A,NR,TOTAL,F,NL,2018,8654043,
ESTAT:DEMO_PJAN(1.0),22/06/22 23:00:00,A,NR,TOTAL,F,NL,2019,8701077,
ESTAT:DEMO_PJAN(1.0),22/06/22 23:00:00,A,NR,TOTAL,F,NL,2020,8759554,
ESTAT:DEMO_PJAN(1.0),22/06/22 23:00:00,A,NR,TOTAL,F,NL,2021,8788879,
ESTAT:DEMO_PJAN(1.0),22/06/22 23:00:00,A,NR,TOTAL,F,NO,2012,2486999,
ESTAT:DEMO_PJAN(1.0),22/06/22 23:00:00,A,NR,TOTAL,F,NO,2013,2515367,
ESTAT:DEMO_PJAN(1.0),22/06/22 23:00:00,A,NR,TOTAL,F,NO,2014,2540963,
ESTAT:DEMO_PJAN(1.0),22/06/22 23:00:00,A,NR,TOTAL,F,NO,2015,2567291,
ESTAT:DEMO_PJAN(1.0),22/06/22 23:00:00,A,NR,TOTAL,F,NO,2016,2587096,
ESTAT:DEMO_PJAN(1.0),22/06/22 23:00:00,A,NR,TOTAL,F,NO,2017,2609187,
ESTAT:DEMO_PJAN(1.0),22/06/22 23:00:00,A,NR,TOTAL,F,NO,2018,2627248,
ESTAT:DEMO_PJAN(1.0),22/06/22 23:00:00,A,NR,TOTAL,F,NO,2019,2643139,
ESTAT:DEMO_PJAN(1.0),22/06/22 23:00:00,A,NR,TOTAL,F,NO,2020,2661018,
ESTAT:DEMO_PJAN(1.0),22/06/22 23:00:00,A,NR,TOTAL,F,NO,2021,2672110,
ESTAT:DEMO_PJAN(1.0),22/06/22 23:00:00,A,NR,TOTAL,F,PL,2012,19636496,
ESTAT:DEMO_PJAN(1.0),22/06/22 23:00:00,A,NR,TOTAL,F,PL,2013,19636442,
ESTAT:DEMO_PJAN(1.0),22/06/22 23:00:00,A,NR,TOTAL,F,PL,2014,19613892,
ESTAT:DEMO_PJAN(1.0),22/06/22 23:00:00,A,NR,TOTAL,F,PL,2015,19608451,
ESTAT:DEMO_PJAN(1.0),22/06/22 23:00:00,A,NR,TOTAL,F,PL,2016,19590169,
ESTAT:DEMO_PJAN(1.0),22/06/22 23:00:00,A,NR,TOTAL,F,PL,2017,19595127,
ESTAT:DEMO_PJAN(1.0),22/06/22 23:00:00,A,NR,TOTAL,F,PL,2018,19596388,
ESTAT:DEMO_PJAN(1.0),22/06/22 23:00:00,A,NR,TOTAL,F,PL,2019,19592436,
ESTAT:DEMO_PJAN(1.0),22/06/22 23:00:00,A,NR,TOTAL,F,PL,2020,19584757,
ESTAT:DEMO_PJAN(1.0),22/06/22 23:00:00,A,NR,TOTAL,F,PL,2021,19532513,ep
ESTAT:DEMO_PJAN(1.0),22/06/22 23:00:00,A,NR,TOTAL,F,PT,2012,5511961,
ESTAT:DEMO_PJAN(1.0),22/06/22 23:00:00,A,NR,TOTAL,F,PT,2013,5491592,
ESTAT:DEMO_PJAN(1.0),22/06/22 23:00:00,A,NR,TOTAL,F,PT,2014,5469281,
ESTAT:DEMO_PJAN(1.0),22/06/22 23:00:00,A,NR,TOTAL,F,PT,2015,5451156,
ESTAT:DEMO_PJAN(1.0),22/06/22 23:00:00,A,NR,TOTAL,F,PT,2016,5439821,
ESTAT:DEMO_PJAN(1.0),22/06/22 23:00:00,A,NR,TOTAL,F,PT,2017,5427117,
ESTAT:DEMO_PJAN(1.0),22/06/22 23:00:00,A,NR,TOTAL,F,PT,2018,5423335,
ESTAT:DEMO_PJAN(1.0),22/06/22 23:00:00,A,NR,TOTAL,F,PT,2019,5424251,
ESTAT:DEMO_PJAN(1.0),22/06/22 23:00:00,A,NR,TOTAL,F,PT,2020,5435932,
ESTAT:DEMO_PJAN(1.0),22/06/22 23:00:00,A,NR,TOTAL,F,PT,2021,5439503,
ESTAT:DEMO_PJAN(1.0),22/06/22 23:00:00,A,NR,TOTAL,F,RO,2012,10318889,
ESTAT:DEMO_PJAN(1.0),22/06/22 23:00:00,A,NR,TOTAL,F,RO,2013,10258594,
ESTAT:DEMO_PJAN(1.0),22/06/22 23:00:00,A,NR,TOTAL,F,RO,2014,10201259,
ESTAT:DEMO_PJAN(1.0),22/06/22 23:00:00,A,NR,TOTAL,F,RO,2015,10163573,
ESTAT:DEMO_PJAN(1.0),22/06/22 23:00:00,A,NR,TOTAL,F,RO,2016,10110852,
ESTAT:DEMO_PJAN(1.0),22/06/22 23:00:00,A,NR,TOTAL,F,RO,2017,10041869,
ESTAT:DEMO_PJAN(1.0),22/06/22 23:00:00,A,NR,TOTAL,F,RO,2018,9978614,
ESTAT:DEMO_PJAN(1.0),22/06/22 23:00:00,A,NR,TOTAL,F,RO,2019,9914008,
ESTAT:DEMO_PJAN(1.0),22/06/22 23:00:00,A,NR,TOTAL,F,RO,2020,9868177,e
ESTAT:DEMO_PJAN(1.0),22/06/22 23:00:00,A,NR,TOTAL,F,RO,2021,9814072,
ESTAT:DEMO_PJAN(1.0),22/06/22 23:00:00,A,NR,TOTAL,F,RS,2012,3702229,
ESTAT:DEMO_PJAN(1.0),22/06/22 23:00:00,A,NR,TOTAL,F,RS,2013,3684497,
ESTAT:DEMO_PJAN(1.0),22/06/22 23:00:00,A,NR,TOTAL,F,RS,2014,3666896,
ESTAT:DEMO_PJAN(1.0),22/06/22 23:00:00,A,NR,TOTAL,F,RS,2015,3649994,
ESTAT:DEMO_PJAN(1.0),22/06/22 23:00:00,A,NR,TOTAL,F,RS,2016,3630114,
ESTAT:DEMO_PJAN(1.0),22/06/22 23:00:00,A,NR,TOTAL,F,RS,2017,3611245,
ESTAT:DEMO_PJAN(1.0),22/06/22 23:00:00,A,NR,TOTAL,F,RS,2018,3590852,
ESTAT:DEMO_PJAN(1.0),22/06/22 23:00:00,A,NR,TOTAL,F,RS,2019,3570953,
ESTAT:DEMO_PJAN(1.0),22/06/22 23:00:00,A,NR,TOTAL,F,RS,2020,3552066,
ESTAT:DEMO_PJAN(1.0),22/06/22 23:00:00,A,NR,TOTAL,F,RS,2021,3525575,
ESTAT:DEMO_PJAN(1.0),22/06/22 23:00:00,A,NR,TOTAL,F,RU,2014,77120043,
ESTAT:DEMO_PJAN(1.0),22/06/22 23:00:00,A,NR,TOTAL,F,SE,2012,4756021,
ESTAT:DEMO_PJAN(1.0),22/06/22 23:00:00,A,NR,TOTAL,F,SE,2013,4789988,
ESTAT:DEMO_PJAN(1.0),22/06/22 23:00:00,A,NR,TOTAL,F,SE,2014,4830507,
ESTAT:DEMO_PJAN(1.0),22/06/22 23:00:00,A,NR,TOTAL,F,SE,2015,4875115,
ESTAT:DEMO_PJAN(1.0),22/06/22 23:00:00,A,NR,TOTAL,F,SE,2016,4920051,
ESTAT:DEMO_PJAN(1.0),22/06/22 23:00:00,A,NR,TOTAL,F,SE,2017,4981806,
ESTAT:DEMO_PJAN(1.0),22/06/22 23:00:00,A,NR,TOTAL,F,SE,2018,5037580,
ESTAT:DEMO_PJAN(1.0),22/06/22 23:00:00,A,NR,TOTAL,F,SE,2019,5087747,
ESTAT:DEMO_PJAN(1.0),22/06/22 23:00:00,A,NR,TOTAL,F,SE,2020,5131775,
ESTAT:DEMO_PJAN(1.0),22/06/22 23:00:00,A,NR,TOTAL,F,SE,2021,5156448,
ESTAT:DEMO_PJAN(1.0),22/06/22 23:00:00,A,NR,TOTAL,F,SI,2012,1038765,
ESTAT:DEMO_PJAN(1.0),22/06/22 23:00:00,A,NR,TOTAL,F,SI,2013,1039760,
ESTAT:DEMO_PJAN(1.0),22/06/22 23:00:00,A,NR,TOTAL,F,SI,2014,1040211,
ESTAT:DEMO_PJAN(1.0),22/06/22 23:00:00,A,NR,TOTAL,F,SI,2015,1040645,
ESTAT:DEMO_PJAN(1.0),22/06/22 23:00:00,A,NR,TOTAL,F,SI,2016,1040855,
ESTAT:DEMO_PJAN(1.0),22/06/22 23:00:00,A,NR,TOTAL,F,SI,2017,1040770,
ESTAT:DEMO_PJAN(1.0),22/06/22 23:00:00,A,NR,TOTAL,F,SI,2018,1039839,
ESTAT:DEMO_PJAN(1.0),22/06/22 23:00:00,A,NR,TOTAL,F,SI,2019,1042252,
ESTAT:DEMO_PJAN(1.0),22/06/22 23:00:00,A,NR,TOTAL,F,SI,2020,1044795,
ESTAT:DEMO_PJAN(1.0),22/06/22 23:00:00,A,NR,TOTAL,F,SI,2021,1049039,
ESTAT:DEMO_PJAN(1.0),22/06/22 23:00:00,A,NR,TOTAL,F,SK,2012,2772570,
ESTAT:DEMO_PJAN(1.0),22/06/22 23:00:00,A,NR,TOTAL,F,SK,2013,2774857,
ESTAT:DEMO_PJAN(1.0),22/06/22 23:00:00,A,NR,TOTAL,F,SK,2014,2776889,
ESTAT:DEMO_PJAN(1.0),22/06/22 23:00:00,A,NR,TOTAL,F,SK,2015,2779021,
ESTAT:DEMO_PJAN(1.0),22/06/22 23:00:00,A,NR,TOTAL,F,SK,2016,2780170,
ESTAT:DEMO_PJAN(1.0),22/06/22 23:00:00,A,NR,TOTAL,F,SK,2017,2783659,
ESTAT:DEMO_PJAN(1.0),22/06/22 23:00:00,A,NR,TOTAL,F,SK,2018,2786606,
ESTAT:DEMO_PJAN(1.0),22/06/22 23:00:00,A,NR,TOTAL,F,SK,2019,2789344,
ESTAT:DEMO_PJAN(1.0),22/06/22 23:00:00,A,NR,TOTAL,F,SK,2020,2792523,
ESTAT:DEMO_PJAN(1.0),22/06/22 23:00:00,A,NR,TOTAL,F,SK,2021,2793295,
ESTAT:DEMO_PJAN(1.0),22/06/22 23:00:00,A,NR,TOTAL,F,SM,2012,17159,
ESTAT:DEMO_PJAN(1.0),22/06/22 23:00:00,A,NR,TOTAL,F,SM,2013,17234,
ESTAT:DEMO_PJAN(1.0),22/06/22 23:00:00,A,NR,TOTAL,F,SM,2018,17665,
ESTAT:DEMO_PJAN(1.0),22/06/22 23:00:00,A,NR,TOTAL,F,TR,2012,37191315,
ESTAT:DEMO_PJAN(1.0),22/06/22 23:00:00,A,NR,TOTAL,F,TR,2013,37671216,
ESTAT:DEMO_PJAN(1.0),22/06/22 23:00:00,A,NR,TOTAL,F,TR,2014,38194504,
ESTAT:DEMO_PJAN(1.0),22/06/22 23:00:00,A,NR,TOTAL,F,TR,2015,38711602,
ESTAT:DEMO_PJAN(1.0),22/06/22 23:00:00,A,NR,TOTAL,F,TR,2016,39229862,
ESTAT:DEMO_PJAN(1.0),22/06/22 23:00:00,A,NR,TOTAL,F,TR,2017,39771221,
ESTAT:DEMO_PJAN(1.0),22/06/22 23:00:00,A,NR,TOTAL,F,TR,2018,40275390,
ESTAT:DEMO_PJAN(1.0),22/06/22 23:00:00,A,NR,TOTAL,F,TR,2019,40863902,
ESTAT:DEMO_PJAN(1.0),22/06/22 23:00:00,A,NR,TOTAL,F,TR,2020,41433861,
ESTAT:DEMO_PJAN(1.0),22/06/22 23:00:00,A,NR,TOTAL,F,TR,2021,41698377,
ESTAT:DEMO_PJAN(1.0),22/06/22 23:00:00,A,NR,TOTAL,F,UA,2012,24476570,
ESTAT:DEMO_PJAN(1.0),22/06/22 23:00:00,A,NR,TOTAL,F,UA,2013,24409948,
ESTAT:DEMO_PJAN(1.0),22/06/22 23:00:00,A,NR,TOTAL,F,UA,2014,24327606,
ESTAT:DEMO_PJAN(1.0),22/06/22 23:00:00,A,NR,TOTAL,F,UA,2015,22971835,b
ESTAT:DEMO_PJAN(1.0),22/06/22 23:00:00,A,NR,TOTAL,F,UA,2016,22872998,
ESTAT:DEMO_PJAN(1.0),22/06/22 23:00:00,A,NR,TOTAL,F,UA,2017,22770325,
ESTAT:DEMO_PJAN(1.0),22/06/22 23:00:00,A,NR,TOTAL,F,UA,2018,22658586,
ESTAT:DEMO_PJAN(1.0),22/06/22 23:00:00,A,NR,TOTAL,F,UA,2019,22528292,
ESTAT:DEMO_PJAN(1.0),22/06/22 23:00:00,A,NR,TOTAL,F,UA,2020,22389339,
ESTAT:DEMO_PJAN(1.0),22/06/22 23:00:00,A,NR,TOTAL,F,UA,2021,22223341,
ESTAT:DEMO_PJAN(1.0),22/06/22 23:00:00,A,NR,TOTAL,F,UK,2012,32288847,
ESTAT:DEMO_PJAN(1.0),22/06/22 23:00:00,A,NR,TOTAL,F,UK,2013,32481221,
ESTAT:DEMO_PJAN(1.0),22/06/22 23:00:00,A,NR,TOTAL,F,UK,2014,32687816,
ESTAT:DEMO_PJAN(1.0),22/06/22 23:00:00,A,NR,TOTAL,F,UK,2015,32919294,
ESTAT:DEMO_PJAN(1.0),22/06/22 23:00:00,A,NR,TOTAL,F,UK,2016,33152984,
ESTAT:DEMO_PJAN(1.0),22/06/22 23:00:00,A,NR,TOTAL,F,UK,2017,33364404,
ESTAT:DEMO_PJAN(1.0),22/06/22 23:00:00,A,NR,TOTAL,F,UK,2018,33563620,
ESTAT:DEMO_PJAN(1.0),22/06/22 23:00:00,A,NR,TOTAL,F,UK,2019,33746076,
ESTAT:DEMO_PJAN(1.0),22/06/22 23:00:00,A,NR,TOTAL,F,UK,2020,,p
ESTAT:DEMO_PJAN(1.0),22/06/22 23:00:00,A,NR,TOTAL,F,XK,2012,,p
ESTAT:DEMO_PJAN(1.0),22/06/22 23:00:00,A,NR,TOTAL,F,XK,2016,888310,p
ESTAT:DEMO_PJAN(1.0),22/06/22 23:00:00,A,NR,TOTAL,F,XK,2017,901303,
ESTAT:DEMO_PJAN(1.0),22/06/22 23:00:00,A,NR,TOTAL,F,XK,2018,910355,
ESTAT:DEMO_PJAN(1.0),22/06/22 23:00:00,A,NR,TOTAL,F,XK,2019,910253,
ESTAT:DEMO_PJAN(1.0),22/06/22 23:00:00,A,NR,TOTAL,F,XK,2020,907234,
