country_code,Country,Year,Population,female_population,Deaths,Female deaths,Female assaults deaths,Intentional female homicides,vic_intimate_violence,reported_offences_int_violence,men_perpetrators_int_violence,physical_violence,psychological_violence,sexual_violence,economic_violence,rape_victims,femicides,homicide_total,pct of femicides to female homicide victims,protection_orders,men_prosecuted_for_int_violence,men_sentenced,men_held_in_prison,Intentional female homicides_pct_change,vic_intimate_violence_pct_change,reported_offences_int_violence_pct_change,men_perpetrators_int_violence_pct_change,physical_violence_pct_change,psychological_violence_pct_change,sexual_violence_pct_change,economic_violence_pct_change,rape_victims_pct_change,femicides_pct_change,homicide_total_pct_change,protection_orders_pct_change,men_prosecuted_for_int_violence_pct_change,men_sentenced_pct_change,men_held_in_prison_pct_change,vic_intimate_violence_per_100000,physical_violence_per_100000,psychological_violence_per_100000,sexual_violence_per_100000,economic_violence_per_100000,rape_victims_per_100000,femicides_per_100000,homicide_total_per_100000,pct_sentenced_from_prosecuted,pct_prison_from_sentenced,pct_prison_from_prosecuted,Intentional female homicides_per_100000,comparable_countries_reported_offences,comparable_femicides_countries,comparable_femicides
AT,Austria,2011,8375164,,76142.0,39758.0,21.0,35.0,,,,,,,,,,,,,,,,,,,,,,,,,,,,,,,,,,,,,,,,,,,False,False,False
AT,Austria,2012,8408121,4309977.0,78961.0,41803.0,21.0,38.0,,,,,,,,,,,,,,,,8.6,,,,,,,,,,,,,,,,,,,,,,,,,,0.9,False,False,False
AT,Austria,2013,8451860,4328238.0,79020.0,41378.0,23.0,30.0,,,,,,,,,,,,,,,,-21.1,,,,,,,,,,,,,,,,,,,,,,,,,,0.7,False,False,False
AT,Austria,2014,8507786,4352447.0,77940.0,40662.0,17.0,23.0,10061.0,9904.0,,5785.0,4049.0,221.0,6.0,485.0,25.0,38.0,66.0,,,,,-23.3,,,,,,,,,,,,,,,231.2,132.9,93.0,5.1,0.1,11.1,0.6,0.9,,,,0.5,False,False,False
AT,Austria,2015,8584926,4384529.0,83026.0,43159.0,31.0,17.0,10529.0,10297.0,,6172.0,4150.0,196.0,11.0,452.0,32.0,46.0,70.0,,3648.0,433.0,,-26.1,4.7,4.0,,6.7,2.5,-11.3,83.3,-6.8,28.0,21.1,,,,,240.1,140.8,94.7,4.5,0.3,10.3,0.7,1.0,11.9,,,0.4,False,False,False
AT,Austria,2016,8700471,4427918.0,80374.0,41579.0,28.0,31.0,11549.0,11297.0,,6550.0,4746.0,247.0,6.0,504.0,41.0,52.0,79.0,,3852.0,524.0,,82.4,9.7,9.7,,6.1,14.4,26.0,-45.5,11.5,28.1,13.0,,5.6,21.0,,260.8,147.9,107.2,5.6,0.1,11.4,0.9,1.2,13.6,,,0.7,False,False,False
AT,Austria,2017,8772865,4460424.0,82957.0,43274.0,27.0,37.0,11194.0,10921.0,,6415.0,4515.0,257.0,7.0,477.0,43.0,65.0,66.0,,3938.0,486.0,,19.4,-3.1,-3.3,,-2.1,-4.9,4.0,16.7,-5.4,4.9,25.0,,2.2,-7.3,,251.0,143.8,101.2,5.8,0.2,10.7,1.0,1.5,12.3,,,0.8,False,False,False
AT,Austria,2018,8822267,4483749.0,83458.0,42902.0,32.0,44.0,11047.0,10598.0,,6424.0,4352.0,264.0,7.0,509.0,54.0,72.0,75.0,,3716.0,547.0,,18.9,-1.3,-3.0,,0.1,-3.6,2.7,0.0,6.7,25.6,10.8,,-5.6,12.6,,246.4,143.3,97.1,5.9,0.2,11.4,1.2,1.6,14.7,,,1.0,False,False,False
AT,Austria,2019,8858775,4501742.0,82979.0,42454.0,27.0,40.0,,,,,,,,,,,,,,,,-9.1,,,,,,,,,,,,,,,,,,,,,,,,,,0.9,False,False,False
AT,Austria,2020,8901064,4522292.0,90963.0,45999.0,25.0,37.0,,,,,,,,,,,,,,,,-7.5,,,,,,,,,,,,,,,,,,,,,,,,,,0.8,False,False,False
AT,Austria,2021,8932664,4535712.0,,,,,,,,,,,,,,,,,,,,,,,,,,,,,,,,,,,,,,,,,,,,,,,False,False,False
AT,Austria,2022,8978929,,,,,,,,,,,,,,,,,,,,,,,,,,,,,,,,,,,,,,,,,,,,,,,,False,False,False
BE,Belgium,2011,11000638,,104422.0,53015.0,64.0,,,,,,,,,,,,,,,,,,,,,,,,,,,,,,,,,,,,,,,,,,,,False,False,False
BE,Belgium,2012,11075889,5635601.0,109127.0,55291.0,49.0,,,,,,,,,,,,,,,,,,,,,,,,,,,,,,,,,,,,,,,,,,,,False,False,False
BE,Belgium,2013,11137974,5665118.0,109325.0,55493.0,53.0,,,,,,,,,,,,,,,,,,,,,,,,,,,,,,,,,,,,,,,,,,,,False,False,False
BE,Belgium,2014,11180840,5687048.0,104709.0,53244.0,47.0,,,39594.0,8447.0,20205.0,18445.0,120.0,1430.0,,,,,,38020.0,,,,,,,,,,,,,,,,,,,355.3,324.3,2.1,25.1,,,,,,,,False,False,False
BE,Belgium,2015,11237274,5713206.0,110429.0,56926.0,55.0,,,37519.0,8595.0,20460.0,16165.0,106.0,1427.0,,,,,,36804.0,,,,,-5.2,1.8,1.3,-12.4,-11.7,-0.2,,,,,-3.2,,,,358.1,282.9,1.9,25.0,,,,,,,,False,False,False
BE,Belgium,2016,11311117,5741853.0,108107.0,54778.0,53.0,,,37757.0,8851.0,20911.0,15929.0,143.0,1410.0,,,,,,37780.0,,,,,0.6,3.0,2.2,-1.5,34.9,-1.2,,,,,2.7,,,,364.2,277.4,2.5,24.6,,,,,,,,False,False,False
BE,Belgium,2017,11351727,5762455.0,108333.0,55373.0,52.0,,,37384.0,8831.0,20774.0,15763.0,148.0,1424.0,,,,,,33674.0,,,,,-1.0,-0.2,-0.7,-1.0,3.5,1.0,,,,,-10.9,,,,360.5,273.5,2.6,24.7,,,,,,,,False,False,False
BE,Belgium,2018,11398589,5784371.0,110604.0,56586.0,47.0,,,38464.0,8984.0,21773.0,15912.0,140.0,1424.0,,,,,,31302.0,,,,,2.9,1.7,4.8,0.9,-5.4,0.0,,,,,-7.0,,,,376.4,275.1,2.4,24.6,,,,,,,,False,False,False
BE,Belgium,2019,11455519,5810693.0,108793.0,55564.0,37.0,,,,,,,,,,,,,,,,,,,,,,,,,,,,,,,,,,,,,,,,,,,,False,False,False
BE,Belgium,2020,11522440,5841215.0,,,,,,,,,,,,,,,,,,,,,,,,,,,,,,,,,,,,,,,,,,,,,,,False,False,False
BE,Belgium,2021,11554767,5854293.0,,,,,,,,,,,,,,,,,,,,,,,,,,,,,,,,,,,,,,,,,,,,,,,False,False,False
BE,Belgium,2022,11631136,,,,,,,,,,,,,,,,,,,,,,,,,,,,,,,,,,,,,,,,,,,,,,,,False,False,False
BG,Bulgaria,2011,7369431,,107614.0,51360.0,28.0,30.0,,,,,,,,,,,,,,,,,,,,,,,,,,,,,,,,,,,,,,,,,,,False,False,False
BG,Bulgaria,2012,7327224,3760457.0,108814.0,52334.0,27.0,37.0,,,,,,,,,,,,,,,,23.3,,,,,,,,,,,,,,,,,,,,,,,,,,1.0,False,False,False
BG,Bulgaria,2013,7284552,3739479.0,103691.0,49234.0,30.0,34.0,,,,,,,,,,,,,,,,-8.1,,,,,,,,,,,,,,,,,,,,,,,,,,0.9,False,False,False
BG,Bulgaria,2014,7245677,3720732.0,108203.0,51956.0,31.0,26.0,1895.0,1895.0,,1416.0,,,,148.0,,,,1895.0,,,,-23.5,,,,,,,,,,,,,,,50.9,38.1,,,,4.0,,,,,,0.7,False,False,False
BG,Bulgaria,2015,7202198,3700183.0,109186.0,52671.0,22.0,29.0,2121.0,2121.0,,1341.0,,,,119.0,,,,2121.0,,,,11.5,11.9,11.9,,-5.3,,,,-19.6,,,11.9,,,,57.3,36.2,,,,3.2,,,,,,0.8,False,False,False
BG,Bulgaria,2016,7153784,3676607.0,106519.0,50998.0,27.0,22.0,2323.0,2323.0,,1173.0,,,,127.0,,22.0,0.0,2323.0,,,,-24.1,9.5,9.5,,-12.5,,,,6.7,,,9.5,,,,63.2,31.9,,,,3.5,,0.6,,,,0.6,False,False,False
BG,Bulgaria,2017,7101859,3651881.0,108616.0,52475.0,30.0,35.0,2440.0,2440.0,,1324.0,,,,142.0,,27.0,0.0,2440.0,,,,59.1,5.0,5.0,,12.9,,,,11.8,,22.7,5.0,,,,66.8,36.3,,,,3.9,,0.7,,,,1.0,False,False,False
BG,Bulgaria,2018,7050034,3627625.0,107292.0,51583.0,31.0,38.0,2981.0,2981.0,,,,,,,,33.0,0.0,2981.0,,,,8.6,22.2,22.2,,,,,,,,22.2,22.2,,,,82.2,,,,,,,0.9,,,,1.0,False,False,False
BG,Bulgaria,2019,7000039,3604338.0,106625.0,51331.0,20.0,23.0,,,,,,,,,,,,,,,,-39.5,,,,,,,,,,,,,,,,,,,,,,,,,,0.6,False,False,False
BG,Bulgaria,2020,6951482,3581836.0,123160.0,58077.0,18.0,26.0,,,,,,,,,,,,,,,,13.0,,,,,,,,,,,,,,,,,,,,,,,,,,0.7,False,False,False
BG,Bulgaria,2021,6916548,3566833.0,,,,,,,,,,,,,,,,,,,,,,,,,,,,,,,,,,,,,,,,,,,,,,,False,False,False
BG,Bulgaria,2022,6838937,,,,,,,,,,,,,,,,,,,,,,,,,,,,,,,,,,,,,,,,,,,,,,,,False,False,False
HR,Croatia,2011,4289857,,51495.0,25994.0,19.0,21.0,,,,,,,,,,,,,,,,,,,,,,,,,,,,,,,,,,,,,,,,,,,True,False,False
HR,Croatia,2012,4275984,2213675.0,52165.0,26099.0,15.0,18.0,,,,,,,,,,,,,,,,-14.3,,,,,,,,,,,,,,,,,,,,,,,,,,0.8,True,False,False
HR,Croatia,2013,4262140,2205657.0,50783.0,25530.0,22.0,21.0,,,,,,,,,,,,,,,,16.7,,,,,,,,,,,,,,,,,,,,,,,,,,1.0,True,False,False
HR,Croatia,2014,4246809,2197061.0,51282.0,26031.0,21.0,17.0,1456.0,1531.0,1159.0,382.0,915.0,48.0,,124.0,8.0,16.0,50.0,3474.0,5355.0,9175.0,1205.0,-19.0,,,,,,,,,,,,,,,66.3,17.4,41.6,2.2,,5.6,0.4,0.7,171.3,13.1,22.5,0.8,True,False,False
HR,Croatia,2015,4225316,2186089.0,54720.0,27987.0,18.0,15.0,1523.0,1560.0,1188.0,303.0,942.0,43.0,,104.0,11.0,15.0,73.0,2620.0,3709.0,6652.0,797.0,-11.8,4.6,1.9,2.5,-20.7,3.0,-10.4,,-16.1,37.5,-6.2,-24.6,-30.7,-27.5,-33.9,69.7,13.9,43.1,2.0,,4.8,0.5,0.7,179.3,12.0,21.5,0.7,True,False,False
HR,Croatia,2016,4190669,2167872.0,52075.0,26397.0,22.0,20.0,1577.0,1625.0,1182.0,305.0,893.0,50.0,,174.0,10.0,18.0,56.0,2493.0,3348.0,6675.0,728.0,33.3,3.5,4.2,-0.5,0.7,-5.2,16.3,,67.3,-9.1,20.0,-4.8,-9.7,0.3,-8.7,72.7,14.1,41.2,2.3,,8.0,0.5,0.8,199.4,10.9,21.7,0.9,True,False,False
HR,Croatia,2017,4154213,2149003.0,54024.0,27817.0,20.0,18.0,2014.0,2050.0,1425.0,328.0,1142.0,55.0,,104.0,9.0,15.0,60.0,2916.0,3352.0,6553.0,761.0,-10.0,27.7,26.2,20.6,7.5,27.9,10.0,,-40.2,-10.0,-16.7,17.0,0.1,-1.8,4.5,93.7,15.3,53.1,2.6,,4.8,0.4,0.7,195.5,11.6,22.7,0.8,True,False,False
HR,Croatia,2018,4105493,2123694.0,53349.0,26985.0,8.0,8.0,2158.0,2229.0,1500.0,326.0,1178.0,67.0,,110.0,4.0,8.0,50.0,2657.0,2991.0,6172.0,686.0,-55.6,7.1,8.7,5.3,-0.6,3.2,21.8,,5.8,-55.6,-46.7,-8.9,-10.8,-5.8,-9.9,101.6,15.4,55.5,3.2,,5.2,0.2,0.4,206.4,11.1,22.9,0.4,True,False,False
HR,Croatia,2019,4076246,2103674.0,52477.0,26692.0,11.0,14.0,,,,,,,,,,,,,,,,75.0,,,,,,,,,,,,,,,,,,,,,,,,,,0.7,True,False,False
HR,Croatia,2020,4058165,2086515.0,57023.0,29164.0,18.0,19.0,,,,,,,,,,,,,,,,35.7,,,,,,,,,,,,,,,,,,,,,,,,,,0.9,True,False,False
HR,Croatia,2021,4036355,2071425.0,62712.0,31575.0,,14.0,,,,,,,,,,,,,,,,-26.3,,,,,,,,,,,,,,,,,,,,,,,,,,0.7,True,False,False
HR,Croatia,2022,3879074,,43892.0,22384.0,,,,,,,,,,,,,,,,,,,,,,,,,,,,,,,,,,,,,,,,,,,,,True,False,False
CY,Cyprus,2011,839751,,5348.0,2606.0,6.0,6.0,,,,,,,,,,,,,,,,,,,,,,,,,,,,,,,,,,,,,,,,,,,False,False,False
CY,Cyprus,2012,862011,443018.0,5635.0,2668.0,5.0,5.0,,,,,,,,,,,,,,,,-16.7,,,,,,,,,,,,,,,,,,,,,,,,,,1.1,False,False,False
CY,Cyprus,2013,865878,444842.0,5234.0,2373.0,3.0,3.0,,,,,,,,,,,,,,,,-40.0,,,,,,,,,,,,,,,,,,,,,,,,,,0.7,False,False,False
CY,Cyprus,2014,858000,440462.0,5504.0,2609.0,4.0,5.0,622.0,893.0,715.0,566.0,308.0,19.0,,14.0,,10.0,0.0,,,,,66.7,,,,,,,,,,,,,,,141.2,128.5,69.9,4.3,,3.2,,2.3,,,,1.1,False,False,False
CY,Cyprus,2015,847008,435183.0,5955.0,2839.0,3.0,2.0,660.0,951.0,771.0,556.0,345.0,50.0,,20.0,,12.0,0.0,,,,,-60.0,6.1,6.5,7.8,-1.8,12.0,163.2,,42.9,,20.0,,,,,151.7,127.8,79.3,11.5,,4.6,,2.8,,,,0.5,False,False,False
CY,Cyprus,2016,848319,435627.0,5547.0,2561.0,5.0,5.0,519.0,830.0,625.0,510.0,281.0,39.0,,22.0,,11.0,0.0,,,,,150.0,-21.4,-12.7,-18.9,-8.3,-18.6,-22.0,,10.0,,-8.3,,,,,119.1,117.1,64.5,9.0,,5.1,,2.5,,,,1.1,False,False,False
CY,Cyprus,2017,854802,438139.0,6164.0,2910.0,1.0,0.0,497.0,774.0,609.0,499.0,249.0,26.0,,19.0,,7.0,0.0,,,,,-100.0,-4.2,-6.7,-2.6,-2.2,-11.4,-33.3,,-13.6,,-36.4,,,,,113.4,113.9,56.8,5.9,,4.3,,1.6,,,,0.0,False,False,False
CY,Cyprus,2018,864236,442728.0,5922.0,2792.0,7.0,6.0,,,,,,,,28.0,,6.0,,,,,,inf,,,,,,,,47.4,,-14.3,,,,,,,,,,6.3,,1.4,,,,1.4,False,False,False
CY,Cyprus,2019,875899,448068.0,6354.0,2985.0,9.0,10.0,,,,,,,,16.0,9.0,10.0,,,,,,66.7,,,,,,,,-42.9,,66.7,,,,,,,,,,3.6,2.0,2.2,,,,2.2,False,False,False
CY,Cyprus,2020,888005,453534.0,6553.0,3083.0,4.0,5.0,,,,,,,,27.0,5.0,5.0,,,,,,-50.0,,,,,,,,68.8,-44.4,-50.0,,,,,,,,,,6.0,1.1,1.1,,,,1.1,False,False,False
CY,Cyprus,2021,896007,458357.0,,,,7.0,,,,,,,,,5.0,7.0,,,,,,40.0,,,,,,,,,0.0,40.0,,,,,,,,,,,1.1,1.5,,,,1.5,False,False,False
CY,Cyprus,2022,904705,,,,,4.0,,,,,,,,,,,,,,,,-42.9,,,,,,,,,,,,,,,,,,,,,,,,,,,False,False,False
CZ,Czech Republic,2011,10486731,,107156.0,52752.0,34.0,44.0,,,,,,,,,,,,,,,,1000.0,,,,,,,,,,,,,,,,,,,,,,,,,,,False,False,False
CZ,Czech Republic,2012,10505445,5347235.0,108449.0,53679.0,41.0,48.0,,,,,,,,,,,,,,,,9.1,,,,,,,,,,,,,,,,,,,,,,,,,,0.9,False,False,False
CZ,Czech Republic,2013,10516125,5351776.0,109367.0,54066.0,46.0,51.0,,,,,,,,,,,,,,,,6.2,,,,,,,,,,,,,,,,,,,,,,,,,,1.0,False,False,False
CZ,Czech Republic,2014,10512419,5350039.0,105824.0,51947.0,32.0,45.0,2550.0,3211.0,1829.0,888.0,1351.0,185.0,34.0,185.0,32.0,59.0,54.0,,783.0,344.0,,-11.8,,,,,,,,,,,,,,,47.7,16.6,25.3,3.5,0.6,3.5,0.6,1.1,43.9,,,0.8,False,False,False
CZ,Czech Republic,2015,10538275,5361348.0,111529.0,55305.0,34.0,49.0,2523.0,3173.0,1802.0,928.0,1293.0,184.0,30.0,184.0,25.0,41.0,61.0,,687.0,267.0,,8.9,-1.1,-1.2,-1.5,4.5,-4.3,-0.5,-11.8,-0.5,-21.9,-30.5,,-12.3,-22.4,,47.1,17.3,24.1,3.4,0.6,3.4,0.5,0.8,38.9,,,0.9,False,False,False
CZ,Czech Republic,2016,10553843,5367513.0,108066.0,52930.0,26.0,36.0,2116.0,2681.0,1740.0,739.0,1073.0,156.0,38.0,156.0,28.0,48.0,58.0,,642.0,280.0,,-26.5,-16.1,-15.5,-3.4,-20.4,-17.0,-15.2,26.7,-15.2,12.0,17.1,,-6.6,4.9,,39.4,13.8,20.0,2.9,0.7,2.9,0.5,0.9,43.6,,,0.7,False,False,False
CZ,Czech Republic,2017,10578820,5378133.0,111607.0,54975.0,30.0,30.0,2209.0,2404.0,1984.0,731.0,1147.0,174.0,72.0,168.0,25.0,41.0,61.0,,590.0,267.0,,-16.7,4.4,-10.3,14.0,-1.1,6.9,11.5,89.5,7.7,-10.7,-14.6,,-8.1,-4.6,,41.1,13.6,21.3,3.2,1.3,3.1,0.5,0.8,45.3,,,0.6,False,False,False
CZ,Czech Republic,2018,10610055,5390264.0,113127.0,55645.0,25.0,,2102.0,2259.0,1892.0,552.0,889.0,119.0,91.0,178.0,23.0,45.0,51.0,,578.0,259.0,,,-4.8,-6.0,-4.6,-24.5,-22.5,-31.6,26.4,6.0,-8.0,9.8,,-2.0,-3.0,,39.0,10.2,16.5,2.2,1.7,3.3,0.4,0.8,44.8,,,,False,False,False
CZ,Czech Republic,2019,10649800,5405606.0,112665.0,55052.0,36.0,49.0,,,,,,,,,,,,,,,,,,,,,,,,,,,,,,,,,,,,,,,,,,0.9,False,False,False
CZ,Czech Republic,2020,10693939,5421943.0,129690.0,62774.0,30.0,58.0,,,,,,,,,,,,,,,,18.4,,,,,,,,,,,,,,,,,,,,,,,,,,1.1,False,False,False
CZ,Czech Republic,2021,10494836,5426674.0,,,,43.0,,,,,,,,,,,,,,,,-25.9,,,,,,,,,,,,,,,,,,,,,,,,,,0.8,False,False,False
CZ,Czech Republic,2022,10516707,,,,,56.0,,,,,,,,,,,,,,,,30.2,,,,,,,,,,,,,,,,,,,,,,,,,,,False,False,False
DK,Denmark,2011,5560628,,52379.0,26534.0,12.0,15.0,,,,,,,,,,,,,,,,-73.2,,,,,,,,,,,,,,,,,,,,,,,,,,,False,False,False
DK,Denmark,2012,5580516,2813740.0,52135.0,26349.0,7.0,16.0,,,,,,,,,,,,,,,,6.7,,,,,,,,,,,,,,,,,,,,,,,,,,0.6,False,False,False
DK,Denmark,2013,5602628,2823776.0,52289.0,26264.0,6.0,13.0,,,,,,,,,,,,,,,,-18.8,,,,,,,,,,,,,,,,,,,,,,,,,,0.5,False,False,False
DK,Denmark,2014,5627235,2834956.0,51150.0,25577.0,19.0,31.0,,,,,,,,256.0,,29.0,0.0,,,,,138.5,,,,,,,,,,,,,,,,,,,,9.0,,1.0,,,,1.1,False,False,False
DK,Denmark,2015,5659715,2848701.0,52397.0,26216.0,13.0,24.0,,,,,,,,287.0,,22.0,0.0,,,,,-22.6,,,,,,,,12.1,,-24.1,,,,,,,,,,10.1,,0.8,,,,0.8,False,False,False
DK,Denmark,2016,5707251,2869364.0,52675.0,26355.0,11.0,23.0,,,,,,,,510.0,,16.0,0.0,,,,,-4.2,,,,,,,,77.7,,-27.3,,,,,,,,,,17.8,,0.6,,,,0.8,False,False,False
DK,Denmark,2017,5748769,2888591.0,53076.0,26366.0,10.0,20.0,,,,,,,,564.0,,15.0,0.0,,,,,-13.0,,,,,,,,10.6,,-6.2,,,,,,,,,,19.5,,0.5,,,,0.7,False,False,False
DK,Denmark,2018,5781190,2904717.0,55053.0,27181.0,12.0,20.0,,,,,,,,645.0,,16.0,0.0,,,,,0.0,,,,,,,,14.4,,6.7,,,,,,,,,,22.2,,0.6,,,,0.7,False,False,False
DK,Denmark,2019,5806081,2917008.0,53777.0,26410.0,13.0,27.0,,,,,,,,,,,,,,,,35.0,,,,,,,,,,,,,,,,,,,,,,,,,,0.9,False,False,False
DK,Denmark,2020,5822763,2925845.0,,,,17.0,,,,,,,,,,,,,,,,-37.0,,,,,,,,,,,,,,,,,,,,,,,,,,0.6,False,False,False
DK,Denmark,2021,5840045,2935188.0,,,,,,,,,,,,,,,,,,,,,,,,,,,,,,,,,,,,,,,,,,,,,,,False,False,False
DK,Denmark,2022,5873420,,,,,,,,,,,,,,,,,,,,,,,,,,,,,,,,,,,,,,,,,,,,,,,,False,False,False
EE,Estonia,2011,1329660,,15252.0,7762.0,14.0,14.0,,,,,,,,,,,,,,,,,,,,,,,,,,,,,,,,,,,,,,,,,,,False,False,False
EE,Estonia,2012,1325217,707079.0,15481.0,7854.0,17.0,17.0,,,,,,,,,,,,,,,,21.4,,,,,,,,,,,,,,,,,,,,,,,,,,2.4,False,False,False
EE,Estonia,2013,1320174,704007.0,15408.0,8050.0,18.0,18.0,,,,,,,,,,,,,,,,5.9,,,,,,,,,,,,,,,,,,,,,,,,,,2.6,False,False,False
EE,Estonia,2014,1315819,700900.0,15489.0,8011.0,9.0,9.0,,,,,,,,,3.0,10.0,30.0,51.0,,,,-50.0,,,,,,,,,,,,,,,,,,,,,0.4,1.4,,,,1.3,False,False,False
EE,Estonia,2015,1314870,700166.0,15344.0,8060.0,10.0,10.0,0.82,,0.88,,,,,,6.0,10.0,60.0,55.0,,,,11.1,,,,,,,,,100.0,0.0,7.8,,,,0.1,,,,,,0.9,1.4,,,,1.4,False,False,False
EE,Estonia,2016,1315944,699236.0,15319.0,8007.0,9.0,9.0,0.83,,0.89,,,,,,4.0,9.0,44.0,47.0,,,,-10.0,1.2,,1.1,,,,,,-33.3,-10.0,-14.5,,,,0.1,,,,,,0.6,1.3,,,,1.3,False,False,False
EE,Estonia,2017,1315635,698097.0,15478.0,8158.0,8.0,8.0,0.79,,0.86,,,,,,6.0,14.0,43.0,72.0,,,,-11.1,-4.8,,-3.4,,,,,,50.0,55.6,53.2,,,,0.1,,,,,,0.9,2.0,,,,1.1,False,False,False
EE,Estonia,2018,1319133,698049.0,15650.0,8269.0,5.0,5.0,0.8,,0.87,,,8.0,,71.0,3.0,9.0,33.0,123.0,,461.0,116.0,-37.5,1.3,,1.2,,,,,,-50.0,-35.7,70.8,,,,0.1,,,1.1,,10.2,0.4,1.3,,25.2,,0.7,False,False,False
EE,Estonia,2019,1324820,699185.0,15234.0,8068.0,6.0,6.0,,,,,,,,,,,,,,,,20.0,,,,,,,,,,,,,,,,,,,,,,,,,,0.9,False,False,False
EE,Estonia,2020,1328976,699699.0,,,,10.0,,,,,,,,,,,,,,,,66.7,,,,,,,,,,,,,,,,,,,,,,,,,,1.4,False,False,False
EE,Estonia,2021,1330068,699153.0,,,,,,,,,,,,,,,,,,,,,,,,,,,,,,,,,,,,,,,,,,,,,,,False,False,False
EE,Estonia,2022,1331796,,,,,,,,,,,,,,,,,,,,,,,,,,,,,,,,,,,,,,,,,,,,,,,,False,False,False
FI,Finland,2011,5375276,,50434.0,25250.0,33.0,37.0,,,,,,,,,,32.0,,,,,,,,,,,,,,,,,,,,,,,,,,,,,,,,,False,True,True
FI,Finland,2012,5401267,2748733.0,51581.0,26084.0,36.0,40.0,,,,,,,,,,29.0,,,,,,8.1,,,,,,,,,,-9.4,,,,,,,,,,,,1.1,,,,1.5,False,True,True
FI,Finland,2013,5426674,2760052.0,51378.0,25841.0,19.0,24.0,,,,,,,,,,21.0,,,,,,-40.0,,,,,,,,,,-27.6,,,,,,,,,,,,0.8,,,,0.9,False,True,True
FI,Finland,2014,5451270,2770906.0,52312.0,26438.0,25.0,27.0,4930.0,5546.0,4900.0,3799.0,1047.0,77.0,6.0,388.0,15.0,25.0,60.0,128.0,,,,12.5,,,,,,,,,,19.0,,,,,177.9,137.1,37.8,2.8,0.2,14.0,0.5,0.9,,,,1.0,False,True,True
FI,Finland,2015,5471753,2779890.0,52177.0,26500.0,15.0,16.0,5040.0,5459.0,5006.0,3834.0,1112.0,88.0,6.0,414.0,6.0,16.0,38.0,98.0,,,,-40.7,2.2,-1.6,2.2,0.9,6.2,14.3,0.0,6.7,-60.0,-36.0,-23.4,,,,181.3,137.9,40.0,3.2,0.2,14.9,0.2,0.6,,,,0.6,False,True,True
FI,Finland,2016,5487308,2785818.0,53870.0,27001.0,21.0,22.0,5157.0,5622.0,5111.0,3893.0,1152.0,101.0,10.0,416.0,11.0,20.0,55.0,108.0,,,,37.5,2.3,3.0,2.1,1.5,3.6,14.8,66.7,0.5,83.3,25.0,10.2,,,,185.1,139.7,41.4,3.6,0.4,14.9,0.4,0.7,,,,0.8,False,True,True
FI,Finland,2017,5503297,2790970.0,53558.0,26827.0,27.0,30.0,5002.0,5365.0,4981.0,3632.0,1269.0,83.0,17.0,412.0,14.0,23.0,61.0,107.0,,,,36.4,-3.0,-4.6,-2.5,-6.7,10.2,-17.8,70.0,-1.0,27.3,15.0,-0.9,,,,179.2,130.1,45.5,3.0,0.6,14.8,0.5,0.8,,,,1.1,False,True,True
FI,Finland,2018,5513130,2793999.0,54425.0,27343.0,17.0,24.0,4924.0,5487.0,4900.0,3680.0,1123.0,109.0,9.0,507.0,18.0,22.0,82.0,50.0,,,,-20.0,-1.6,2.3,-1.6,1.3,-11.5,31.3,-47.1,23.1,28.6,-4.3,-53.3,,,,176.2,131.7,40.2,3.9,0.3,18.1,0.6,0.8,,,,0.9,False,True,True
FI,Finland,2019,5517919,2794629.0,53834.0,26867.0,22.0,30.0,,,,,,,,,,23.0,,,,,,25.0,,,,,,,,,,4.5,,,,,,,,,,,,0.8,,,,1.1,False,True,True
FI,Finland,2020,5525292,2797030.0,55421.0,27523.0,16.0,,,,,,,,,,,19.0,,,,,,,,,,,,,,,,-17.4,,,,,,,,,,,,0.7,,,,,False,True,True
FI,Finland,2021,5533793,2799985.0,,28502.0,,,,,,,,,,,,24.0,,,,,,,,,,,,,,,,26.3,,,,,,,,,,,,0.9,,,,,False,True,True
FI,Finland,2022,5548241,,,,,,,,,,,,,,,,,,,,,,,,,,,,,,,,,,,,,,,,,,,,,,,,False,True,True
FR,France,2011,64978721,,546543.0,267700.0,151.0,,,,,,,,,,,,,,,,,,,,,,,,,,,,,,,,,,,,,,,,,,,,False,True,True
FR,France,2012,65276983,33671600.0,571464.0,283339.0,167.0,,,,,,,,,,,,,,,,,,,,,,,,,,,,,,,,,,,,,,,,,,,,False,True,True
FR,France,2013,65600350,33827685.0,569328.0,281922.0,154.0,,,,,,,,,,,,,,,,,,,,,,,,,,,,,,,,,,,,,,,,,,,,False,True,True
FR,France,2014,66165980,34120851.0,559393.0,277036.0,107.0,,,,,,,,,,134.0,,,,,,,,,,,,,,,,,,,,,,,,,,,,0.4,,,,,,False,True,True
FR,France,2015,66458153,34283895.0,593730.0,296755.0,126.0,361.0,,,,70738.0,,,,,122.0,278.0,44.0,2958.0,17375.0,16418.0,,,,,,,,,,,-9.0,,,,,,,206.3,,,,,0.4,0.8,94.5,,,1.1,False,True,True
FR,France,2016,66638391,34391005.0,593723.0,296856.0,98.0,311.0,96730.0,96730.0,,73190.0,20990.0,2550.0,,6766.0,123.0,337.0,36.0,,16916.0,16954.0,,-13.9,,,,3.5,,,,,0.8,21.2,,-2.6,3.3,,281.3,212.8,61.0,7.4,,19.7,0.4,1.0,100.2,,,0.9,False,True,True
FR,France,2017,66809816,34495464.0,606354.0,305360.0,106.0,311.0,98570.0,98570.0,,73900.0,21850.0,2820.0,,7771.0,130.0,267.0,49.0,,16829.0,16896.0,,0.0,1.9,1.9,,1.0,4.1,10.6,,14.9,5.7,-20.8,,-0.5,-0.3,,285.7,214.2,63.3,8.2,,22.5,0.4,0.8,100.4,,,0.9,False,True,True
FR,France,2018,67026224,34611994.0,,,121.0,244.0,,,,,,,,,,,,,,,,-21.5,,,,,,,,,,,,,,,,,,,,,,,,,,0.7,False,True,True
FR,France,2019,67290471,34701745.0,,,146.0,285.0,,,,,,,,,,,,,,,,16.8,,,,,,,,,,,,,,,,,,,,,,,,,,0.8,False,True,True
FR,France,2020,67485531,34787547.0,655660.0,328140.0,102.0,240.0,,,,,,,,,,,,,,,,-15.8,,,,,,,,,,,,,,,,,,,,,,,,,,0.7,False,True,True
FR,France,2021,67656682,34939338.0,639710.0,317990.0,122.0,,,,,,,,,,,,,,,,,,,,,,,,,,,,,,,,,,,,,,,,,,,,False,True,True
FR,France,2022,67842582,,,,,,,,,,,,,,,,,,,,,,,,,,,,,,,,,,,,,,,,,,,,,,,,False,True,True
DE,Germany,2011,80222065,,853095.0,444945.0,201.0,338.0,,,,,,,,,,,,,,,,,,,,,,,,,,,,,,,,,,,,,,,,,,,False,True,True
DE,Germany,2012,80327900,41097953.0,871615.0,453785.0,201.0,296.0,,,,,,,,,,,,,,,,-12.4,,,,,,,,,,,,,,,,,,,,,,,,,,0.7,False,True,True
DE,Germany,2013,80523746,41142770.0,896287.0,465038.0,218.0,328.0,,,,,,,,,,,,,,,,10.8,,,,,,,,,,,,,,,,,,,,,,,,,,0.8,False,True,True
DE,Germany,2014,80767463,41210540.0,870812.0,446964.0,195.0,339.0,,,,,,,,,,,,,,,,3.4,,,,,,,,,,,,,,,,,,,,,,,,,,0.8,False,True,True
DE,Germany,2015,81197537,41362080.0,927866.0,476588.0,220.0,327.0,104290.0,,95825.0,77678.0,24402.0,2410.0,,127.0,135.0,315.0,43.0,,,,,-3.5,,,,,,,,,,,,,,,252.1,187.8,59.0,5.8,,0.3,0.3,0.8,,,,0.8,False,True,True
DE,Germany,2016,82175684,41661561.0,913523.0,463486.0,188.0,469.0,108956.0,,90920.0,82029.0,24396.0,2531.0,,,155.0,454.0,34.0,,,,,43.4,4.5,,-5.1,5.6,-0.0,5.0,,,14.8,44.1,,,,,261.5,196.9,58.6,6.1,,,0.4,1.1,,,,1.1,False,True,True
DE,Germany,2017,82521653,41824535.0,934717.0,475322.0,175.0,380.0,113965.0,,93494.0,82317.0,28869.0,2705.0,74.0,,147.0,366.0,40.0,,,,,-19.0,4.6,,2.8,0.4,18.3,6.9,,,-5.2,-19.4,,,,,272.5,196.8,69.0,6.5,0.2,,0.4,0.9,,,,0.9,False,True,True
DE,Germany,2018,82792351,41948786.0,957564.0,485711.0,166.0,367.0,114393.0,,93813.0,82567.0,28657.0,3086.0,83.0,1997.0,122.0,353.0,35.0,,,,,-3.4,0.4,,0.3,0.3,-0.7,14.1,12.2,,-17.0,-3.6,,,,,272.7,196.8,68.3,7.4,0.2,4.8,0.3,0.8,,,,0.9,False,True,True
DE,Germany,2019,83019213,42052522.0,942309.0,474536.0,146.0,276.0,104805.0,,89705.0,74520.0,26515.0,2478.0,63.0,,117.0,255.0,46.0,,,,,-24.8,-8.4,,-4.4,-9.7,-7.5,-19.7,-24.1,,-4.1,-27.8,,,,,249.2,177.2,63.1,5.9,0.1,,0.3,0.6,,,,0.7,False,True,True
DE,Germany,2020,83166711,42129098.0,988008.0,493503.0,171.0,357.0,109233.0,,92904.0,78294.0,26905.0,2677.0,71.0,,139.0,310.0,45.0,,,,,29.3,4.2,,3.6,5.1,1.5,8.0,12.7,,18.8,21.6,,,,,259.3,185.8,63.9,6.4,0.2,,0.3,0.7,,,,0.8,False,True,True
DE,Germany,2021,83155031,42128512.0,,,,337.0,,,,,,,,,,287.0,0.0,,,,,-5.6,,,,,,,,,,-7.4,,,,,,,,,,,,0.7,,,,0.8,False,True,True
DE,Germany,2022,83237124,,,,,,,,,,,,,,,,,,,,,,,,,,,,,,,,,,,,,,,,,,,,,,,,False,True,True
EL,Greece,2011,11123392,,111099.0,53100.0,34.0,32.0,,2005.0,,,,,,226.0,12.0,31.0,,,,,,,,,,,,,,,,,,,,,,,,,,,,,,,,,False,False,False
EL,Greece,2012,11086406,5662522.0,116668.0,56533.0,37.0,39.0,1630.0,2455.0,1620.0,,,,,234.0,6.0,40.0,,,,,,21.9,,22.4,,,,,,3.5,-50.0,29.0,,,,,28.8,,,,,4.1,0.1,0.7,,,,0.7,False,False,False
EL,Greece,2013,11003615,5637364.0,111793.0,54163.0,50.0,50.0,1818.0,2896.0,1886.0,,,,,222.0,13.0,52.0,,,,,,28.2,11.5,18.0,16.4,,,,,-5.1,116.7,30.0,,,,,32.2,,,,,3.9,0.2,0.9,,,,0.9,False,False,False
EL,Greece,2014,10926807,5613568.0,113740.0,55194.0,30.0,27.0,2302.0,3512.0,2351.0,,,191.0,,194.0,12.0,27.0,44.0,,1461.0,,,-46.0,26.6,21.3,24.7,,,,,-12.6,-7.7,-48.1,,,,,41.0,,,3.4,,3.5,0.2,0.5,,,,0.5,False,False,False
EL,Greece,2015,10858018,5589628.0,121485.0,59535.0,31.0,30.0,2321.0,3572.0,2428.0,,,259.0,,183.0,11.0,30.0,37.0,,1977.0,,,11.1,0.8,1.7,3.3,,,35.6,,-5.7,-8.3,11.1,,35.3,,,41.5,,,4.6,,3.3,0.2,0.5,,,,0.5,False,False,False
EL,Greece,2016,10783748,5559538.0,118952.0,58320.0,23.0,26.0,2696.0,3839.0,2891.0,,,263.0,,217.0,13.0,26.0,50.0,17.0,2890.0,634.0,104.0,-13.3,16.2,7.5,19.1,,,1.5,,18.6,18.2,-13.3,,46.2,,,48.5,,,4.7,,3.9,0.2,0.5,21.9,16.4,3.6,0.5,False,False,False
EL,Greece,2017,10768193,5546916.0,124522.0,61341.0,24.0,23.0,3196.0,3134.0,2395.0,,,224.0,,215.0,7.0,23.0,30.0,45.0,3628.0,797.0,104.0,-11.5,18.5,-18.4,-17.2,,,-14.8,,-0.9,-46.2,-11.5,164.7,25.5,25.7,0.0,57.6,,,4.0,,3.9,0.1,0.4,22.0,13.0,2.9,0.4,False,False,False
EL,Greece,2018,10741165,5531125.0,120363.0,58919.0,29.0,29.0,3815.0,4722.0,4202.0,,,,,204.0,13.0,29.0,45.0,33.0,4082.0,785.0,81.0,26.1,19.4,50.7,75.4,,,,,-5.1,85.7,26.1,-26.7,12.5,-1.5,-22.1,69.0,,,,,3.7,0.2,0.5,19.2,10.3,2.0,0.5,False,False,False
EL,Greece,2019,10724599,5516306.0,125016.0,61887.0,22.0,19.0,4171.0,5220.0,4618.0,1717.0,1420.0,32.0,,217.0,8.0,19.0,42.0,46.0,4097.0,1320.0,79.0,-34.5,9.3,10.5,9.9,,,,,6.4,-38.5,-34.5,39.4,0.4,68.2,-2.5,75.6,31.1,25.7,0.6,,3.9,0.1,0.3,32.2,6.0,1.9,0.3,False,False,False
EL,Greece,2020,10718565,5503077.0,130288.0,64488.0,,18.0,4264.0,5669.0,4436.0,3609.0,2906.0,69.0,,202.0,8.0,18.0,44.0,57.0,3132.0,656.0,90.0,-5.3,2.2,8.6,-3.9,110.2,104.6,115.6,,-6.9,0.0,-5.3,23.9,-23.6,-50.3,13.9,77.5,65.6,52.8,1.3,,3.7,0.1,0.3,20.9,13.7,2.9,0.3,False,False,False
EL,Greece,2021,10678632,5482584.0,143586.0,70343.0,,33.0,6704.0,8776.0,7571.0,6873.0,5350.0,141.0,,202.0,23.0,33.0,70.0,,3902.0,,126.0,83.3,57.2,54.8,70.7,90.4,84.1,104.3,,0.0,187.5,83.3,,24.6,,40.0,122.3,125.4,97.6,2.6,,3.7,0.4,0.6,,,3.2,0.6,False,False,False
EL,Greece,2022,10603810,,,,,,,,,,,,,,,,,,,,,,,,,,,,,,,,,,,,,,,,,,,,,,,,False,False,False
HU,Hungary,2011,9985722,,128795.0,64912.0,75.0,42.0,,,,,,,,,,,,,,,,,,,,,,,,,,,,,,,,,,,,,,,,,,,False,False,False
HU,Hungary,2012,9931925,5207259.0,129440.0,65936.0,57.0,58.0,,,,,,,,,,,,,,,,38.1,,,,,,,,,,,,,,,,,,,,,,,,,,1.1,False,False,False
HU,Hungary,2013,9908798,5192845.0,126778.0,64884.0,52.0,71.0,,,,,,,,,,,,,,,,22.4,,,,,,,,,,,,,,,,,,,,,,,,,,1.4,False,False,False
HU,Hungary,2014,9877365,5173974.0,126308.0,64316.0,42.0,67.0,,,,,,,,,,,,,,,,-5.6,,,,,,,,,,,,,,,,,,,,,,,,,,1.3,False,False,False
HU,Hungary,2015,9855571,5159792.0,131697.0,68152.0,55.0,102.0,,,,,,,,,,,,,,,,52.2,,,,,,,,,,,,,,,,,,,,,,,,,,2.0,False,False,False
HU,Hungary,2016,9830485,5141966.0,127053.0,64395.0,39.0,46.0,,,,,,,,,,,,,,,,-54.9,,,,,,,,,,,,,,,,,,,,,,,,,,0.9,False,False,False
HU,Hungary,2017,9797561,5122270.0,131674.0,67649.0,39.0,44.0,,,,,,,,,,,,,,,,-4.3,,,,,,,,,,,,,,,,,,,,,,,,,,0.9,False,False,False
HU,Hungary,2018,9778371,5106769.0,131045.0,67029.0,34.0,43.0,,,,,,,,,,,,,,,,-2.3,,,,,,,,,,,,,,,,,,,,,,,,,,0.8,False,False,False
HU,Hungary,2019,9772756,5096935.0,129603.0,66617.0,36.0,31.0,361.0,,256.0,,,958.0,,238.0,17.0,63.0,,,,,,-27.9,,,,,,,,,,,,,,,7.1,,,18.8,,4.7,0.3,1.2,,,,0.6,False,False,False
HU,Hungary,2020,9769526,5088736.0,141002.0,73481.0,31.0,39.0,584.0,,436.0,,,1157.0,,394.0,17.0,93.0,,,,,,25.8,61.8,,70.3,,,20.8,,65.5,0.0,47.6,,,,,11.5,,,22.7,,7.7,0.3,1.8,,,,0.8,False,False,False
HU,Hungary,2021,9730772,5066978.0,,78203.0,,,686.0,,534.0,,,1084.0,,316.0,16.0,50.0,,,,,,,17.5,,22.5,,,-6.3,,-19.8,-5.9,-46.2,,,,,13.5,,,21.4,,6.2,0.3,1.0,,,,,False,False,False
HU,Hungary,2022,9689010,,,,,,,,,,,,,,,,,,,,,,,,,,,,,,,,,,,,,,,,,,,,,,,,False,False,False
IS,Iceland,2011,318452,,1962.0,979.0,1.0,1.0,,,,,,,,,,,,,,,,,,,,,,,,,,,,,,,,,,,,,,,,,,,False,False,False
IS,Iceland,2012,319575,159211.0,1929.0,998.0,1.0,1.0,,,,,,,,,,,,,,,,0.0,,,,,,,,,,,,,,,,,,,,,,,,,,0.6,False,False,False
IS,Iceland,2013,321857,160419.0,2128.0,1054.0,1.0,0.0,,,,,,,,,,,,,,,,-100.0,,,,,,,,,,,,,,,,,,,,,,,,,,0.0,False,False,False
IS,Iceland,2014,325671,162353.0,2023.0,990.0,1.0,2.0,,,,,,,,,,,,,,,,inf,,,,,,,,,,,,,,,,,,,,,,,,,,1.2,False,False,False
IS,Iceland,2015,329100,163914.0,2151.0,1100.0,,0.0,,,,,,,,,,,,,,,,-100.0,,,,,,,,,,,,,,,,,,,,,,,,,,0.0,False,False,False
IS,Iceland,2016,332529,165259.0,2276.0,1099.0,1.0,1.0,,,,,,,,,,,,,,,,inf,,,,,,,,,,,,,,,,,,,,,,,,,,0.6,False,False,False
IS,Iceland,2017,338349,167316.0,2189.0,1098.0,2.0,2.0,,,,,,,,,,,,,,,,100.0,,,,,,,,,,,,,,,,,,,,,,,,,,1.2,False,False,False
IS,Iceland,2018,348450,170850.0,2192.0,1096.0,0.0,1.0,,,,,,,,,,,,,,,,-50.0,,,,,,,,,,,,,,,,,,,,,,,,,,0.6,False,False,False
IS,Iceland,2019,356991,174154.0,2217.0,1102.0,0.0,0.0,,,,,,,,,,,,,,,,-100.0,,,,,,,,,,,,,,,,,,,,,,,,,,0.0,False,False,False
IS,Iceland,2020,364134,177193.0,2265.0,1130.0,2.0,4.0,,,,,,,,,,,,,,,,inf,,,,,,,,,,,,,,,,,,,,,,,,,,2.3,False,False,False
IS,Iceland,2021,368792,179749.0,,,,,,,,,,,,,,,,,,,,,,,,,,,,,,,,,,,,,,,,,,,,,,,False,False,False
IS,Iceland,2022,376248,,,,,,,,,,,,,,,,,,,,,,,,,,,,,,,,,,,,,,,,,,,,,,,,False,False,False
IE,Ireland,2011,4570881,,28456.0,13964.0,1.0,,,,,,,,,,,,,,,,,,,,,,,,,,,,,,,,,,,,,,,,,,,,False,False,False
IE,Ireland,2012,4589287,2315288.0,29186.0,14241.0,10.0,,,,,,,,,,,,,,,,,,,,,,,,,,,,,,,,,,,,,,,,,,,,False,False,False
IE,Ireland,2013,4609779,2326317.0,29501.0,14545.0,4.0,,,,,,,,,,,,,,,,,,,,,,,,,,,,,,,,,,,,,,,,,,,,False,False,False
IE,Ireland,2014,4637852,2342002.0,29252.0,14355.0,5.0,,,,,,,,,480.0,,,,13287.0,,,,,,,,,,,,,,,,,,,,,,,,20.5,,,,,,,False,False,False
IE,Ireland,2015,4677627,2364285.0,30127.0,14899.0,3.0,7.0,,,,,,,,518.0,,,,14374.0,,,,,,,,,,,,7.9,,,8.2,,,,,,,,,21.9,,,,,,0.3,False,False,False
IE,Ireland,2016,4726286,2387145.0,30667.0,15047.0,1.0,2.0,,,,,,,,513.0,,,,15227.0,,,,-71.4,,,,,,,,-1.0,,,5.9,,,,,,,,,21.5,,,,,,0.1,False,False,False
IE,Ireland,2017,4784383,2416465.0,30418.0,14929.0,3.0,15.0,,,,,,,,647.0,,,,15962.0,,,,650.0,,,,,,,,26.1,,,4.8,,,,,,,,,26.8,,,,,,0.6,False,False,False
IE,Ireland,2018,4830392,2438169.0,31140.0,15095.0,3.0,10.0,,,,,,,,,,,,,,,,-33.3,,,,,,,,,,,,,,,,,,,,,,,,,,0.4,False,False,False
IE,Ireland,2019,4904240,2475359.0,31184.0,14912.0,2.0,8.0,,,,,,,,,,,,,,,,-20.0,,,,,,,,,,,,,,,,,,,,,,,,,,0.3,False,False,False
IE,Ireland,2020,4964440,2506783.0,31765.0,15315.0,,6.0,,,,,,,,,,,,,,,,-25.0,,,,,,,,,,,,,,,,,,,,,,,,,,0.2,False,False,False
IE,Ireland,2021,5006324,2528521.0,33055.0,15843.0,,8.0,,,,,,,,,,,,,,,,33.3,,,,,,,,,,,,,,,,,,,,,,,,,,0.3,False,False,False
IE,Ireland,2022,5060005,,,,,,,,,,,,,,,,,,,,,,,,,,,,,,,,,,,,,,,,,,,,,,,,False,False,False
IT,Italy,2011,59364690,,594153.0,305631.0,123.0,161.0,,,,,,,,,,,,,,,,,,,,,,,,,,,,,,,,,,,,,,,,,,,False,True,True
IT,Italy,2012,59394207,30667608.0,613520.0,317689.0,131.0,150.0,,,,,,,,,,,,,,,,-6.8,,,,,,,,,,,,,,,,,,,,,,,,,,0.5,False,True,True
IT,Italy,2013,59685227,30795630.0,599698.0,309281.0,146.0,180.0,,,,,,,,,,,,,,,,20.0,,,,,,,,,,,,,,,,,,,,,,,,,,0.6,False,True,True
IT,Italy,2014,60782668,31298104.0,598669.0,308870.0,119.0,153.0,,9969.0,,,9125.0,,,2607.0,81.0,138.0,59.0,1526.0,18602.0,2264.0,,-15.0,,,,,,,,,,,,,,,,,29.2,,,8.3,0.3,0.4,12.2,,,0.5,False,True,True
IT,Italy,2015,60795612,31294022.0,646047.0,338656.0,112.0,143.0,,9945.0,,,8608.0,,,2455.0,73.0,138.0,53.0,1366.0,18446.0,2611.0,,-6.5,,-0.2,,,-5.7,,,-5.8,-9.9,0.0,-10.5,-0.8,15.3,,,,27.5,,,7.8,0.2,0.4,14.2,,,0.5,False,True,True
IT,Italy,2016,60665551,31209230.0,618083.0,320418.0,129.0,151.0,,9750.0,,,9098.0,,,2388.0,77.0,138.0,56.0,1461.0,19866.0,2746.0,,5.6,,-2.0,,,5.7,,,-2.7,5.5,0.0,7.0,7.7,5.2,,,,29.2,,,7.7,0.2,0.4,13.8,,,0.5,False,True,True
IT,Italy,2017,60589445,31143704.0,650614.0,340023.0,111.0,132.0,,9887.0,,,9986.0,,,2788.0,56.0,120.0,47.0,990.0,,2897.0,2018.0,-12.6,,1.4,,,9.8,,,16.8,-27.3,-13.0,-32.2,,5.5,,,,32.1,,,9.0,0.2,0.4,,69.7,,0.4,False,True,True
IT,Italy,2018,60483973,31056366.0,632940.0,329961.0,111.0,141.0,,,,,,,,,74.0,128.0,58.0,,,,,6.8,,,,,,,,,32.1,6.7,,,,,,,,,,,0.2,0.4,,,,0.5,False,True,True
IT,Italy,2019,59816673,30685478.0,641456.0,333897.0,91.0,111.0,,,,,,,,,68.0,111.0,61.0,,,,,-21.3,,,,,,,,,-8.1,-13.3,,,,,,,,,,,0.2,0.4,,,,0.4,False,True,True
IT,Italy,2020,59641488,30591392.0,740317.0,380899.0,,116.0,,,,,,,,,67.0,116.0,58.0,,,,,4.5,,,,,,,,,-1.5,4.5,,,,,,,,,,,0.2,0.4,,,,0.4,False,True,True
IT,Italy,2021,59236213,30369987.0,709035.0,,,119.0,,,,,,,,,70.0,119.0,59.0,,,,,2.6,,,,,,,,,4.5,2.6,,,,,,,,,,,0.2,0.4,,,,0.4,False,True,True
IT,Italy,2022,58983122,,530145.0,,,96.0,,,,,,,,,,,,,,,,-19.3,,,,,,,,,,,,,,,,,,,,,,,,,,,False,True,True
LV,Latvia,2011,2074605,,28614.0,14715.0,36.0,,,,,,,,,,,,,,,,,,,,,,,,,,,,,,,,,,,,,,,,,,,,True,True,True
LV,Latvia,2012,2044813,1110001.0,29120.0,15255.0,34.0,37.0,,,,,,,,,,,,,,,,,,,,,,,,,,,,,,,,,,,,,,,,,,3.3,True,True,True
LV,Latvia,2013,2023825,1097245.0,28735.0,15200.0,34.0,24.0,,,,,,,,,,,,,,,,-35.1,,,,,,,,,,,,,,,,,,,,,,,,,,2.2,True,True,True
LV,Latvia,2014,2001468,1084423.0,28257.0,14661.0,40.0,36.0,146.0,144.0,,58.0,20.0,3.0,71.0,39.0,6.0,68.0,9.0,,,,,50.0,,,,,,,,,,,,,,,13.5,5.3,1.8,0.3,6.5,3.6,0.6,6.3,,,,3.3,True,True,True
LV,Latvia,2015,1986096,1074889.0,28244.0,15046.0,30.0,29.0,161.0,158.0,,45.0,40.0,2.0,80.0,28.0,11.0,57.0,19.0,,,,,-19.4,10.3,9.7,,-22.4,100.0,-33.3,12.7,-28.2,83.3,-16.2,,,,,15.0,4.2,3.7,0.2,7.4,2.6,1.0,5.3,,,,2.7,True,True,True
LV,Latvia,2016,1968957,1064658.0,28263.0,14935.0,22.0,34.0,158.0,160.0,,47.0,46.0,2.0,74.0,26.0,5.0,55.0,9.0,,,,,17.2,-1.9,1.3,,4.4,15.0,0.0,-7.5,-7.1,-54.5,-3.5,,,,,14.8,4.4,4.3,0.2,7.0,2.4,0.5,5.2,,,,3.2,True,True,True
LV,Latvia,2017,1950116,1054433.0,28530.0,15063.0,23.0,42.0,162.0,169.0,,45.0,39.0,6.0,79.0,36.0,7.0,40.0,18.0,,,,,23.5,2.5,5.6,,-4.3,-15.2,200.0,6.8,38.5,40.0,-27.3,,,,,15.4,4.3,3.7,0.6,7.5,3.4,0.7,3.8,,,,4.0,True,True,True
LV,Latvia,2018,1934379,1044738.0,28576.0,15174.0,22.0,43.0,179.0,194.0,,56.0,51.0,4.0,81.0,33.0,8.0,56.0,14.0,,,,,2.4,10.5,14.8,,24.4,30.8,-33.3,2.5,-8.3,14.3,40.0,,,,,17.1,5.4,4.9,0.4,7.8,3.2,0.8,5.4,,,,4.1,True,True,True
LV,Latvia,2019,1919968,1035059.0,27536.0,14666.0,11.0,42.0,,,,,,,,,,,,,,,,-2.3,,,,,,,,,,,,,,,,,,,,,,,,,,4.1,True,True,True
LV,Latvia,2020,1907675,1026719.0,28628.0,15286.0,19.0,42.0,,,,,,,,,,,,,,,,0.0,,,,,,,,,,,,,,,,,,,,,,,,,,4.1,True,True,True
LV,Latvia,2021,1893223,1017998.0,,,,,,,,,,,,,,,,,,,,,,,,,,,,,,,,,,,,,,,,,,,,,,,True,True,True
LV,Latvia,2022,1875757,,,,,,,,,,,,,,,,,,,,,,,,,,,,,,,,,,,,,,,,,,,,,,,,True,True,True
LT,Lithuania,2011,3052588,,40506.0,19933.0,47.0,66.0,,,,,,,,,,,,,,,,,,,,,,,,,,,,,,,,,,,,,,,,,,,False,True,True
LT,Lithuania,2012,3003641,1620130.0,40478.0,20099.0,37.0,53.0,,,,,,,,,,,,,,,,-19.7,,,,,,,,,,,,,,,,,,,,,,,,,,3.3,False,True,True
LT,Lithuania,2013,2971905,1603014.0,41057.0,20553.0,40.0,60.0,,,,,,,,,,,,,,,,13.2,,,,,,,,,,,,,,,,,,,,,,,,,,3.7,False,True,True
LT,Lithuania,2014,2943472,1587477.0,39765.0,19967.0,30.0,53.0,5527.0,,,4963.0,558.0,6.0,,55.0,15.0,51.0,29.0,490.0,,,,-11.7,,,,,,,,,,,,,,,348.2,312.6,35.2,0.4,,3.5,0.9,3.2,,,,3.3,False,True,True
LT,Lithuania,2015,2921262,1575005.0,41226.0,21060.0,41.0,49.0,5458.0,,,4986.0,468.0,4.0,,60.0,14.0,45.0,31.0,473.0,,,,-7.5,-1.2,,,0.5,-16.1,-33.3,,9.1,-6.7,-11.8,-3.5,,,,346.5,316.6,29.7,0.3,,3.8,0.9,2.9,,,,3.1,False,True,True
LT,Lithuania,2016,2888558,1558951.0,40627.0,20611.0,30.0,46.0,4436.0,,,3926.0,502.0,8.0,,92.0,7.0,29.0,24.0,98.0,,,,-6.1,-18.7,,,-21.3,7.3,100.0,,53.3,-50.0,-35.6,-79.3,,,,284.6,251.8,32.2,0.5,,5.9,0.4,1.9,,,,3.0,False,True,True
LT,Lithuania,2017,2847904,1535718.0,39654.0,20668.0,22.0,26.0,4429.0,,,3940.0,486.0,3.0,,81.0,3.0,22.0,14.0,547.0,5551.0,,,-43.5,-0.2,,,0.4,-3.2,-62.5,,-12.0,-57.1,-24.1,458.2,,,,288.4,256.6,31.6,0.2,,5.3,0.2,1.4,,,,1.7,False,True,True
LT,Lithuania,2018,2808901,1511608.0,39078.0,20376.0,12.0,17.0,3019.0,,,2807.0,206.0,6.0,,65.0,3.0,17.0,18.0,454.0,5065.0,2229.0,1062.0,-34.6,-31.8,,,-28.8,-57.6,100.0,,-19.8,0.0,-22.7,-17.0,-8.8,,,199.7,185.7,13.6,0.4,,4.3,0.2,1.1,44.0,47.6,21.0,1.1,False,True,True
LT,Lithuania,2019,2794184,1498593.0,37827.0,19615.0,16.0,22.0,,,,,,,,,,,,,,,,29.4,,,,,,,,,,,,,,,,,,,,,,,,,,1.5,False,True,True
LT,Lithuania,2020,2794090,1489736.0,43056.0,22065.0,16.0,29.0,,,,,,,,,,,,,,,,31.8,,,,,,,,,,,,,,,,,,,,,,,,,,1.9,False,True,True
LT,Lithuania,2021,2795680,1482082.0,,,,,,,,,,,,,,,,,,,,,,,,,,,,,,,,,,,,,,,,,,,,,,,False,True,True
LT,Lithuania,2022,2805998,,,,,,,,,,,,,,,,,,,,,,,,,,,,,,,,,,,,,,,,,,,,,,,,False,True,True
LU,Luxembourg,2011,511840,,3819.0,1931.0,,0.0,,,,,,,,,,,,,,,,,,,,,,,,,,,,,,,,,,,,,,,,,,,False,False,False
LU,Luxembourg,2012,524853,263033.0,3821.0,1965.0,,0.0,,,,,,,,,,,,,,,,,,,,,,,,,,,,,,,,,,,,,,,,,,0.0,False,False,False
LU,Luxembourg,2013,537039,268627.0,3768.0,1929.0,1.0,0.0,,,,,,,,,,,,,,,,,,,,,,,,,,,,,,,,,,,,,,,,,,0.0,False,False,False
LU,Luxembourg,2014,549680,274563.0,3802.0,1814.0,2.0,2.0,,,,,,,,,,,,,,,,inf,,,,,,,,,,,,,,,,,,,,,,,,,,0.7,False,False,False
LU,Luxembourg,2015,562958,280986.0,3936.0,1999.0,2.0,1.0,,,,,,,,,,,,,,,,-50.0,,,,,,,,,,,,,,,,,,,,,,,,,,0.4,False,False,False
LU,Luxembourg,2016,576249,287056.0,3977.0,1951.0,2.0,,,,,,,,,,,,,,,,,,,,,,,,,,,,,,,,,,,,,,,,,,,,False,False,False
LU,Luxembourg,2017,590667,294026.0,4137.0,2075.0,0.0,,,,,,,,,,,,,,,,,,,,,,,,,,,,,,,,,,,,,,,,,,,,False,False,False
LU,Luxembourg,2018,602005,299425.0,4108.0,2043.0,2.0,,,,,,,,,,,,,,,,,,,,,,,,,,,,,,,,,,,,,,,,,,,,False,False,False
LU,Luxembourg,2019,613894,305174.0,4120.0,2034.0,2.0,,,,,,,,,,,,,,,,,,,,,,,,,,,,,,,,,,,,,,,,,,,,False,False,False
LU,Luxembourg,2020,626108,311144.0,,,,,,,,,,,,,,,,,,,,,,,,,,,,,,,,,,,,,,,,,,,,,,,False,False,False
LU,Luxembourg,2021,634730,315274.0,,,,,,,,,,,,,,,,,,,,,,,,,,,,,,,,,,,,,,,,,,,,,,,False,False,False
LU,Luxembourg,2022,645397,,,,,,,,,,,,,,,,,,,,,,,,,,,,,,,,,,,,,,,,,,,,,,,,False,False,False
MT,Malta,2011,414989,,3318.0,1619.0,2.0,3.0,,,,,,,,,,,,,,,,,,,,,,,,,,,,,,,,,,,,,,,,,,,False,True,False
MT,Malta,2012,417546,209851.0,3463.0,1686.0,2.0,3.0,,,,,,,,,,,,,,,,0.0,,,,,,,,,,,,,,,,,,,,,,,,,,1.4,False,True,False
MT,Malta,2013,422509,212126.0,3304.0,1612.0,,0.0,,,,,,,,,,,,,,,,-100.0,,,,,,,,,,,,,,,,,,,,,,,,,,0.0,False,True,False
MT,Malta,2014,429424,214891.0,3326.0,1630.0,,1.0,717.0,1095.0,,1366.0,1473.0,120.0,292.0,11.0,1.0,1.0,100.0,,,,,inf,,,,,,,,,,,,,,,333.7,635.7,685.5,55.8,135.9,5.1,0.5,0.5,,,,0.5,False,True,False
MT,Malta,2015,439691,219203.0,3516.0,1725.0,2.0,2.0,942.0,1195.0,,1336.0,1468.0,101.0,284.0,23.0,1.0,2.0,50.0,,,,,100.0,31.4,9.1,,-2.2,-0.3,-15.8,-2.7,109.1,0.0,100.0,,,,,429.7,609.5,669.7,46.1,129.6,10.5,0.5,0.9,,,,0.9,False,True,False
MT,Malta,2016,450415,224019.0,3409.0,1709.0,2.0,2.0,638.0,812.0,,351.0,334.0,,,26.0,2.0,2.0,100.0,,,,,0.0,-32.3,-32.1,,-73.7,-77.2,,,13.0,100.0,0.0,,,,,284.8,156.7,149.1,,,11.6,0.9,0.9,,,,0.9,False,True,False
MT,Malta,2017,460297,228634.0,3628.0,1762.0,1.0,1.0,665.0,815.0,,360.0,344.0,,,19.0,0.0,1.0,0.0,,,,,-50.0,4.2,0.4,,2.6,3.0,,,-26.9,-100.0,-50.0,,,,,290.9,157.5,150.5,,,8.3,0.0,0.4,,,,0.4,False,True,False
MT,Malta,2018,475701,235102.0,3757.0,1838.0,4.0,4.0,666.0,839.0,,354.0,363.0,,,18.0,2.0,4.0,50.0,,,,,300.0,0.2,2.9,,-1.7,5.5,,,-5.3,inf,300.0,,,,,283.3,150.6,154.4,,,7.7,0.9,1.7,,,,1.7,False,True,False
MT,Malta,2019,493559,241723.0,3730.0,1827.0,2.0,3.0,,,,,,,,,,,,,,,,-25.0,,,,,,,,,,,,,,,,,,,,,,,,,,1.2,False,True,False
MT,Malta,2020,514564,248802.0,,,,1.0,,,,,,,,,,,,,,,,-66.7,,,,,,,,,,,,,,,,,,,,,,,,,,0.4,False,True,False
MT,Malta,2021,516100,249161.0,,,,,,,,,,,,,,,,,,,,,,,,,,,,,,,,,,,,,,,,,,,,,,,False,True,False
MT,Malta,2022,520971,,,,,,,,,,,,,,,,,,,,,,,,,,,,,,,,,,,,,,,,,,,,,,,,False,True,False
NL,Netherlands,2011,16655799,,134962.0,70482.0,57.0,50.0,,,,,,,,,,,,,,,,,,,,,,,,,,,,,,,,,,,,,,,,,,,False,True,True
NL,Netherlands,2012,16730348,8447477.0,140045.0,72906.0,51.0,50.0,,,,,,,,,,,,,,,,0.0,,,,,,,,,,,,,,,,,,,,,,,,,,0.6,False,True,True
NL,Netherlands,2013,16779575,8472236.0,141174.0,72885.0,57.0,56.0,,,,,,,,,,,,,,,,12.0,,,,,,,,,,,,,,,,,,,,,,,,,,0.7,False,True,True
NL,Netherlands,2014,16829289,8494904.0,138174.0,72102.0,31.0,30.0,,,,,,,,,16.0,31.0,52.0,,,,,-46.4,,,,,,,,,,,,,,,,,,,,,0.2,0.4,,,,0.4,False,True,True
NL,Netherlands,2015,16900726,8527868.0,146297.0,76105.0,46.0,42.0,,,,,,,,,23.0,43.0,53.0,,,,,40.0,,,,,,,,,43.8,38.7,,,,,,,,,,,0.3,0.5,,,,0.5,False,True,True
NL,Netherlands,2016,16979120,8561985.0,148129.0,76817.0,34.0,32.0,,,,,,,,,21.0,34.0,62.0,,,,,-23.8,,,,,,,,,-8.7,-20.9,,,,,,,,,,,0.2,0.4,,,,0.4,False,True,True
NL,Netherlands,2017,17081507,8606405.0,149477.0,77553.0,46.0,43.0,,,,,,,,,18.0,46.0,39.0,,,,,34.4,,,,,,,,,-14.3,35.3,,,,,,,,,,,0.2,0.5,,,,0.5,False,True,True
NL,Netherlands,2018,17181084,8654043.0,152652.0,78841.0,43.0,36.0,,,,,,,,,,,,,,,,-16.3,,,,,,,,,,,,,,,,,,,,,,,,,,0.4,False,True,True
NL,Netherlands,2019,17282163,8701077.0,151013.0,77453.0,44.0,42.0,,,,,,,,,,,,,,,,16.7,,,,,,,,,,,,,,,,,,,,,,,,,,0.5,False,True,True
NL,Netherlands,2020,17407585,8759554.0,168203.0,84361.0,44.0,44.0,,,,,,,,,,,,,,,,4.8,,,,,,,,,,,,,,,,,,,,,,,,,,0.5,False,True,True
NL,Netherlands,2021,17475415,8788879.0,,85203.0,,37.0,,,,,,,,,,,,,,,,-15.9,,,,,,,,,,,,,,,,,,,,,,,,,,0.4,False,True,True
NL,Netherlands,2022,17590672,,,,,,,,,,,,,,,,,,,,,,,,,,,,,,,,,,,,,,,,,,,,,,,,False,True,True
PL,Poland,2011,38062718,,376150.0,177541.0,127.0,,,,,,,,,,,,,,,,,,,,,,,,,,,,,,,,,,,,,,,,,,,,False,False,False
PL,Poland,2012,38063792,19636496.0,385456.0,182914.0,104.0,,,,,,,,,,,,,,,,,,,,,,,,,,,,,,,,,,,,,,,,,,,,False,False,False
PL,Poland,2013,38062535,19636442.0,387988.0,185852.0,120.0,,,,,,,,,,,,,,,,,,,,,,,,,,,,,,,,,,,,,,,,,,,,False,False,False
PL,Poland,2014,38017856,19613892.0,377182.0,180915.0,90.0,91.0,72786.0,,72791.0,,,,,,,,,,,,,,,,,,,,,,,,,,,,371.1,,,,,,,,,,,0.5,False,False,False
PL,Poland,2015,38005614,19608451.0,395578.0,190668.0,88.0,108.0,69376.0,,70484.0,,,,,,,,,,,,,18.7,-4.7,,-3.2,,,,,,,,,,,,353.8,,,,,,,,,,,0.6,False,False,False
PL,Poland,2016,37967209,19590169.0,388677.0,186068.0,80.0,71.0,66930.0,,68321.0,,,,,752.0,,71.0,0.0,,,,,-34.3,-3.5,,-3.1,,,,,,,,,,,,341.7,,,,,3.8,,0.4,,,,0.4,False,False,False
PL,Poland,2017,37972964,19595127.0,403559.0,195391.0,73.0,94.0,67984.0,,70035.0,,,,,679.0,,192.0,0.0,,,,,32.4,1.6,,2.5,,,,,-9.7,,170.4,,,,,346.9,,,,,3.5,,1.0,,,,0.5,False,False,False
PL,Poland,2018,37976687,19596388.0,414941.0,200762.0,51.0,83.0,65057.0,,67306.0,,,,,,,168.0,0.0,,,,,-11.7,-4.3,,-3.9,,,,,,,-12.5,,,,,332.0,,,,,,,0.9,,,,0.4,False,False,False
PL,Poland,2019,37972812,19592436.0,410564.0,198530.0,65.0,80.0,88032.0,,,,,,,1365.0,,,,,,,,-3.6,35.3,,,,,,,,,,,,,,449.3,,,,,7.0,,,,,,0.4,False,False,False
PL,Poland,2020,37958138,19584757.0,477355.0,227611.0,60.0,89.0,62866.0,,,,,,,1004.0,,217.0,,,,,,11.3,-28.6,,,,,,,-26.4,,,,,,,321.0,,,,,5.1,,1.1,,,,0.5,False,False,False
PL,Poland,2021,37840001,19532513.0,519517.0,250859.0,,,55112.0,,,,,,,1066.0,,176.0,,,,,,,-12.3,,,,,,,6.2,,-18.9,,,,,282.2,,,,,5.5,,0.9,,,,,False,False,False
PL,Poland,2022,37654247,,,,,,,,,,,,,,,,,,,,,,,,,,,,,,,,,,,,,,,,,,,,,,,,False,False,False
PT,Portugal,2011,10572721,,103203.0,50414.0,34.0,,,,,,,,,,,,,,,,,,,,,,,,,,,,,,,,,,,,,,,,,,,,False,False,False
PT,Portugal,2012,10542398,5511961.0,107969.0,53256.0,41.0,,,,,,,,,,,,,,,,,,,,,,,,,,,,,,,,,,,,,,,,,,,,False,False,False
PT,Portugal,2013,10487289,5491592.0,106886.0,52472.0,35.0,,,,,,,,,,,,,,,,,,,,,,,,,,,,,,,,,,,,,,,,,,,,False,False,False
PT,Portugal,2014,10427301,5469281.0,105219.0,51721.0,57.0,,,,,,,,,169.0,,,,,618.0,1199.0,,,,,,,,,,,,,,,,,,,,,,3.1,,,194.0,,,,False,False,False
PT,Portugal,2015,10374822,5451156.0,108922.0,54529.0,33.0,,,26815.0,,,,,,173.0,,,,,750.0,1906.0,,,,,,,,,,2.4,,,,21.4,59.0,,,,,,,3.2,,,254.1,,,,False,False,False
PT,Portugal,2016,10341330,5439821.0,110970.0,55105.0,23.0,,,27011.0,,,,,,165.0,,,,,730.0,1849.0,,,,0.7,,,,,,-4.6,,,,-2.7,-3.0,,,,,,,3.0,,,253.3,,,,False,False,False
PT,Portugal,2017,10309573,5427117.0,110191.0,54789.0,23.0,,,26746.0,,,,,,183.0,,,,,703.0,1967.0,,,,-1.0,,,,,,10.9,,,,-3.7,6.4,,,,,,,3.4,,,279.8,,,,False,False,False
PT,Portugal,2018,10291027,5423335.0,113573.0,56475.0,27.0,,,26432.0,,,,,,,,,,,803.0,2223.0,,,,-1.2,,,,,,,,,,14.2,13.0,,,,,,,,,,276.8,,,,False,False,False
PT,Portugal,2019,10276617,5424251.0,112334.0,56120.0,40.0,,,,,,,,,,,,,,,,,,,,,,,,,,,,,,,,,,,,,,,,,,,,False,False,False
PT,Portugal,2020,10295909,5435932.0,,,,,,,,,,,,,,,,,,,,,,,,,,,,,,,,,,,,,,,,,,,,,,,False,False,False
PT,Portugal,2021,10298252,5439503.0,,,,,,,,,,,,,,,,,,,,,,,,,,,,,,,,,,,,,,,,,,,,,,,False,False,False
PT,Portugal,2022,10352042,,,,,,,,,,,,,,,,,,,,,,,,,,,,,,,,,,,,,,,,,,,,,,,,False,False,False
RO,Romania,2011,20199059,,251471.0,119262.0,149.0,,,,,,,,,,,,,,,,,,,,,,,,,,,,,,,,,,,,,,,,,,,,False,False,False
RO,Romania,2012,20095996,10318889.0,253716.0,121308.0,145.0,,,,,,,,,,,,,,,,,,,,,,,,,,,,,,,,,,,,,,,,,,,,False,False,False
RO,Romania,2013,20020074,10258594.0,246681.0,117935.0,121.0,,,,,,,,,,,,,,,,,,,,,,,,,,,,,,,,,,,,,,,,,,,,False,False,False
RO,Romania,2014,19947311,10201259.0,251701.0,120448.0,120.0,,,,,,,,,,,,,3572.0,,,,,,,,,,,,,,,,,,,,,,,,,,,,,,,False,False,False
RO,Romania,2015,19870647,10163573.0,258981.0,124456.0,105.0,,16632.0,,,,,,,,,,,4393.0,,,,,,,,,,,,,,,23.0,,,,163.6,,,,,,,,,,,,False,False,False
RO,Romania,2016,19760585,10110852.0,255387.0,121895.0,93.0,,19164.0,,,,,,,,,,,5739.0,,,,,15.2,,,,,,,,,,30.6,,,,189.5,,,,,,,,,,,,False,False,False
RO,Romania,2017,19643949,10041869.0,259157.0,124252.0,90.0,89.0,20282.0,,,,,,,,,,,6629.0,,,,,5.8,,,,,,,,,,15.5,,,,202.0,,,,,,,,,,,0.9,False,False,False
RO,Romania,2018,19533481,9978614.0,261512.0,124638.0,84.0,82.0,22529.0,,,,,,,,,,,8203.0,,,,-7.9,11.1,,,,,,,,,,23.7,,,,225.8,,,,,,,,,,,0.8,False,False,False
RO,Romania,2019,19414458,9914008.0,257035.0,122451.0,98.0,71.0,,,,,,,,,,,,,,,,-13.4,,,,,,,,,,,,,,,,,,,,,,,,,,0.7,False,False,False
RO,Romania,2020,19328838,9868177.0,,,,96.0,,,,,,,,,,,,,,,,35.2,,,,,,,,,,,,,,,,,,,,,,,,,,1.0,False,False,False
RO,Romania,2021,19201662,9814072.0,,,,,,,,,,,,,,,,,,,,,,,,,,,,,,,,,,,,,,,,,,,,,,,False,False,False
RO,Romania,2022,19038098,,,,,,,,,,,,,,,,,,,,,,,,,,,,,,,,,,,,,,,,,,,,,,,,False,False,False
RS,Serbia,2011,7251549,,102769.0,50750.0,39.0,39.0,,,,,,,,,,,,,,,,,,,,,,,,,,,,,,,,,,,,,,,,,,,False,False,False
RS,Serbia,2012,7216649,3702229.0,102184.0,50402.0,36.0,38.0,,,,,,,,,,,,,,,,-2.6,,,,,,,,,,,,,,,,,,,,,,,,,,1.0,False,False,False
RS,Serbia,2013,7181505,3684497.0,100059.0,49300.0,57.0,47.0,,,,,,,,,,,,,,,,23.7,,,,,,,,,,,,,,,,,,,,,,,,,,1.3,False,False,False
RS,Serbia,2014,7146759,3666896.0,100983.0,50145.0,31.0,38.0,,,,3696.0,2574.0,74.0,,85.0,,,,,1696.0,,,-19.1,,,,,,,,,,,,,,,,100.8,70.2,2.0,,2.3,,,,,,1.0,False,False,False
RS,Serbia,2015,7114393,3649994.0,103426.0,51432.0,38.0,31.0,,,,5674.0,3320.0,96.0,,86.0,,,,,2493.0,,,-18.4,,,,53.5,29.0,29.7,,1.2,,,,47.0,,,,155.5,91.0,2.6,,2.4,,,,,,0.8,False,False,False
RS,Serbia,2016,7076372,3630114.0,100519.0,50002.0,46.0,41.0,,,,6775.0,4721.0,136.0,,69.0,,,,,3222.0,,,32.3,,,,19.4,42.2,41.7,,-19.8,,,,29.2,,,,186.6,130.1,3.7,,1.9,,,,,,1.1,False,False,False
RS,Serbia,2017,7040272,3611245.0,103349.0,51813.0,34.0,29.0,,,,9173.0,7554.0,139.0,579.0,81.0,23.0,,,,4108.0,,,-29.3,,,,35.4,60.0,2.2,,17.4,,,,27.5,,,,254.0,209.2,3.8,16.0,2.2,0.6,,,,,0.8,False,False,False
RS,Serbia,2018,7001444,3590852.0,101315.0,50533.0,29.0,28.0,,,,10111.0,9515.0,124.0,474.0,60.0,20.0,,,,3762.0,,,-3.4,,,,10.2,26.0,-10.8,-18.1,-25.9,-13.0,,,-8.4,,,,281.6,265.0,3.5,13.2,1.7,0.6,,,,,0.8,False,False,False
RS,Serbia,2019,6963764,3570953.0,101097.0,50019.0,30.0,29.0,15932.0,,14761.0,10009.0,9653.0,211.0,390.0,41.0,19.0,,,,3629.0,,,3.6,,,,-1.0,1.5,70.2,-17.7,-31.7,-5.0,,,-3.5,,,446.2,280.3,270.3,5.9,10.9,1.1,0.5,,,,,0.8,False,False,False
RS,Serbia,2020,6926705,3552066.0,116454.0,56252.0,29.0,23.0,15606.0,,14439.0,9725.0,9983.0,100.0,415.0,38.0,19.0,,,,3115.0,,,-20.7,-2.0,,-2.2,-2.8,3.4,-52.6,6.4,-7.3,0.0,,,-14.2,,,439.3,273.8,281.0,2.8,11.7,1.1,0.5,,,,,0.6,False,False,False
RS,Serbia,2021,6871547,3525575.0,136622.0,66714.0,31.0,,15934.0,,14674.0,9489.0,10588.0,176.0,411.0,69.0,13.0,,,,2761.0,,,,2.1,,1.6,-2.4,6.1,76.0,-1.0,81.6,-31.6,,,-11.4,,,452.0,269.1,300.3,5.0,11.7,2.0,0.4,,,,,,False,False,False
RS,Serbia,2022,6797105,,68194.0,33676.0,,,,,,,,,,,,,,,,,,,,,,,,,,,,,,,,,,,,,,,,,,,,,False,False,False
SK,Slovakia,2011,5392446,,51531.0,24975.0,32.0,31.0,,,,,,,,,,,,,,,,,,,,,,,,,,,,,,,,,,,,,,,,,,,False,True,True
SK,Slovakia,2012,5404322,2772570.0,52155.0,25491.0,23.0,17.0,,,,,,,,,,,,,,,,-45.2,,,,,,,,,,,,,,,,,,,,,,,,,,0.6,False,True,True
SK,Slovakia,2013,5410836,2774857.0,51777.0,25126.0,30.0,23.0,,,,,,,,,,,,,,,,35.3,,,,,,,,,,,,,,,,,,,,,,,,,,0.8,False,True,True
SK,Slovakia,2014,5415949,2776889.0,50960.0,24716.0,19.0,19.0,,501.0,,,389.0,13.0,32.0,53.0,8.0,25.0,32.0,,,164.0,57.0,-17.4,,,,,,,,,,,,,,,,,14.0,0.5,1.2,1.9,0.3,0.9,,34.8,,0.7,False,True,True
SK,Slovakia,2015,5421349,2779021.0,53408.0,26243.0,17.0,14.0,,568.0,,,408.0,5.0,67.0,56.0,5.0,22.0,23.0,,,133.0,57.0,-26.3,,13.4,,,4.9,-61.5,109.4,5.7,-37.5,-12.0,,,-18.9,0.0,,,14.7,0.2,2.4,2.0,0.2,0.8,,42.9,,0.5,False,True,True
SK,Slovakia,2016,5426252,2780170.0,51906.0,25446.0,17.0,20.0,,812.0,,,637.0,9.0,52.0,55.0,6.0,25.0,24.0,,,183.0,76.0,42.9,,43.0,,,56.1,80.0,-22.4,-1.8,20.0,13.6,,,37.6,33.3,,,22.9,0.3,1.9,2.0,0.2,0.9,,41.5,,0.7,False,True,True
SK,Slovakia,2017,5435343,2783659.0,53491.0,26278.0,10.0,19.0,,787.0,,,651.0,21.0,51.0,55.0,11.0,26.0,42.0,,,189.0,91.0,-5.0,,-3.1,,,2.2,133.3,-1.9,0.0,83.3,4.0,,,3.3,19.7,,,23.4,0.8,1.8,2.0,0.4,0.9,,48.1,,0.7,False,True,True
SK,Slovakia,2018,5443120,2786606.0,53801.0,26371.0,13.0,26.0,,844.0,,,712.0,18.0,16.0,102.0,5.0,32.0,16.0,,893.0,806.0,467.0,36.8,,7.2,,,9.4,-14.3,-68.6,85.5,-54.5,23.1,,,326.5,413.2,,,25.6,0.6,0.6,3.7,0.2,1.1,90.3,57.9,52.3,0.9,False,True,True
SK,Slovakia,2019,5450421,2789344.0,52703.0,25658.0,7.0,15.0,,,,,,,,,,,,,,,,-42.3,,,,,,,,,,,,,,,,,,,,,,,,,,0.5,False,True,True
SK,Slovakia,2020,5457873,2792523.0,58638.0,28478.0,11.0,28.0,,,,,,,,,,,,,,,,86.7,,,,,,,,,,,,,,,,,,,,,,,,,,1.0,False,True,True
SK,Slovakia,2021,5459781,2793295.0,,,,,,,,,,,,,,,,,,,,,,,,,,,,,,,,,,,,,,,,,,,,,,,False,True,True
SK,Slovakia,2022,5434712,,,,,,,,,,,,,,,,,,,,,,,,,,,,,,,,,,,,,,,,,,,,,,,,False,True,True
SI,Slovenia,2011,2050189,,18709.0,9476.0,11.0,7.0,,,,,,,,,,,,,,,,,,,,,,,,,,,,,,,,,,,,,,,,,,,True,True,True
SI,Slovenia,2012,2055496,1038765.0,19196.0,9831.0,6.0,6.0,,,,,,,,,,,,,,,,-14.3,,,,,,,,,,,,,,,,,,,,,,,,,,0.6,True,True,True
SI,Slovenia,2013,2058821,1039760.0,19260.0,9760.0,8.0,3.0,,,,,,,,,,,,,,,,-50.0,,,,,,,,,,,,,,,,,,,,,,,,,,0.3,True,True,True
SI,Slovenia,2014,2061085,1040211.0,18769.0,9614.0,10.0,6.0,1225.0,1267.0,1225.0,,,23.0,,57.0,7.0,16.0,43.75,995.0,1342.0,446.0,65.0,100.0,,,,,,,,,,,,,,,117.8,,,2.2,,5.5,0.7,1.5,33.2,14.6,4.8,0.6,True,True,True
SI,Slovenia,2015,2062874,1040645.0,19720.0,10067.0,9.0,11.0,962.0,991.0,962.0,,,22.0,,54.0,6.0,25.0,24.0,789.0,1123.0,453.0,69.0,83.3,-21.5,-21.8,-21.5,,,-4.3,,-5.3,-14.3,56.2,-20.7,-16.3,1.6,6.2,92.4,,,2.1,,5.2,0.6,2.4,40.3,15.2,6.1,1.1,True,True,True
SI,Slovenia,2016,2064188,1040855.0,19556.0,9949.0,5.0,2.0,1016.0,1042.0,1016.0,,,13.0,,34.0,5.0,8.0,62.5,825.0,1060.0,375.0,68.0,-81.8,5.6,5.1,5.6,,,-40.9,,-37.0,-16.7,-68.0,4.6,-5.6,-17.2,-1.4,97.6,,,1.2,,3.3,0.5,0.8,35.4,18.1,6.4,0.2,True,True,True
SI,Slovenia,2017,2065895,1040770.0,20255.0,10244.0,8.0,9.0,936.0,973.0,936.0,,,21.0,,52.0,7.0,19.0,36.84,841.0,1120.0,329.0,49.0,350.0,-7.9,-6.6,-7.9,,,61.5,,52.9,40.0,137.5,1.9,5.7,-12.3,-27.9,89.9,,,2.0,,5.0,0.7,1.8,29.4,14.9,4.4,0.9,True,True,True
SI,Slovenia,2018,2066880,1039839.0,20076.0,10199.0,8.0,5.0,1029.0,1055.0,1029.0,,,27.0,,41.0,4.0,23.0,17.39,984.0,1149.0,360.0,51.0,-44.4,9.9,8.4,9.9,,,28.6,,-21.2,-42.9,21.1,17.0,2.6,9.4,4.1,99.0,,,2.6,,3.9,0.4,2.2,31.3,14.2,4.4,0.5,True,True,True
SI,Slovenia,2019,2080908,1042252.0,20063.0,10266.0,4.0,4.0,992.0,1035.0,992.0,,,14.0,,65.0,5.0,15.0,33.33,960.0,1110.0,341.0,59.0,-20.0,-3.6,-1.9,-3.6,,,-48.1,,58.5,25.0,-34.8,-2.4,-3.4,-5.3,15.7,95.2,,,1.3,,6.2,0.5,1.4,30.7,17.3,5.3,0.4,True,True,True
SI,Slovenia,2020,2095861,1044795.0,23609.0,12091.0,11.0,6.0,,,,,,,,,,,,,,,,50.0,,,,,,,,,,,,,,,,,,,,,,,,,,0.6,True,True,True
SI,Slovenia,2021,2108977,1049039.0,23261.0,11420.0,,6.0,,,,,,,,,,,,,,,,0.0,,,,,,,,,,,,,,,,,,,,,,,,,,0.6,True,True,True
SI,Slovenia,2022,2107180,,,,,,,,,,,,,,,,,,,,,,,,,,,,,,,,,,,,,,,,,,,,,,,,True,True,True
ES,Spain,2011,46667174,,387911.0,188057.0,105.0,128.0,,,,,,,,,,,,,,,,,,,,,,,,,,,,,,,,,,,,,,,,,,,True,True,True
ES,Spain,2012,46818219,23719207.0,402950.0,197030.0,98.0,124.0,,,,,,,,,,,,,,,,-3.1,,,,,,,,,,,,,,,,,,,,,,,,,,0.5,True,True,True
ES,Spain,2013,46727890,23710130.0,390419.0,190585.0,109.0,121.0,,,,,,,,,,,,,,,,-2.4,,,,,,,,,,,,,,,,,,,,,,,,,,0.5,True,True,True
ES,Spain,2014,46512199,23634738.0,395829.0,194259.0,116.0,127.0,,65990.0,60682.0,57518.0,7729.0,381.0,362.0,798.0,55.0,99.0,56.0,33167.0,46320.0,,,5.0,,,,,,,,,,,,,,,,243.4,32.7,1.6,1.5,3.4,0.2,0.4,,,,0.5,True,True,True
ES,Spain,2015,46449565,23623019.0,422568.0,209259.0,121.0,121.0,,66786.0,60877.0,57621.0,8334.0,443.0,388.0,759.0,60.0,96.0,63.0,36292.0,46277.0,24183.0,13575.0,-4.7,,1.2,0.3,0.2,7.8,16.3,7.2,-4.9,9.1,-3.0,9.4,-0.1,,,,243.9,35.3,1.9,1.6,3.2,0.3,0.4,52.3,56.1,29.3,0.5,True,True,True
ES,Spain,2016,46440099,23632635.0,410611.0,201618.0,104.0,113.0,,66830.0,61221.0,58090.0,7878.0,488.0,374.0,794.0,49.0,104.0,47.0,37956.0,47247.0,25878.0,14004.0,-6.6,,0.1,0.6,0.8,-5.5,10.2,-3.6,4.6,-18.3,8.3,4.6,2.1,7.0,3.2,,245.8,33.3,2.1,1.6,3.4,0.2,0.4,54.8,54.1,29.6,0.5,True,True,True
ES,Spain,2017,46528024,23693426.0,424523.0,210287.0,118.0,113.0,,69481.0,63852.0,60050.0,8480.0,559.0,392.0,901.0,50.0,106.0,47.0,38501.0,49242.0,27103.0,14907.0,0.0,,4.0,4.3,3.4,7.6,14.5,4.8,13.5,2.0,1.9,1.4,4.2,4.7,6.4,,253.4,35.8,2.4,1.7,3.8,0.2,0.4,55.0,55.0,30.3,0.5,True,True,True
ES,Spain,2018,46658447,23776565.0,427721.0,211279.0,98.0,117.0,,73304.0,67836.0,62302.0,8790.0,657.0,1555.0,1073.0,50.0,104.0,48.0,39176.0,50459.0,27880.0,15633.0,3.5,,5.5,6.2,3.8,3.7,17.5,296.7,19.1,0.0,-1.9,1.8,2.5,2.9,4.9,,262.0,37.0,2.8,6.5,4.5,0.2,0.4,55.3,56.1,31.0,0.5,True,True,True
ES,Spain,2019,46937060,23927801.0,418703.0,206020.0,109.0,126.0,,,,,,,,,,,,,,,,7.7,,,,,,,,,,,,,,,,,,,,,,,,,,0.5,True,True,True
ES,Spain,2020,47332614,24133301.0,493776.0,244112.0,102.0,119.0,145731.0,,,,,,,,,,,,,,,-5.6,,,,,,,,,,,,,,,603.9,,,,,,,,,,,0.5,True,True,True
ES,Spain,2021,47398695,24171413.0,450.687,219240.0,,108.0,159352.0,,,,,,,,,,,,,,,-9.2,9.3,,,,,,,,,,,,,,659.3,,,,,,,,,,,0.4,True,True,True
ES,Spain,2022,47432805,,,,,,,,,,,,,,,,,,,,,,,,,,,,,,,,,,,,,,,,,,,,,,,,True,True,True
SE,Sweden,2011,9415570,,89353.0,46344.0,20.0,25.0,,,,,,,,,,,,,,,,,,,,,,,,,,,,,,,,,,,,,,,,,,,True,True,True
SE,Sweden,2012,9482855,4756021.0,91538.0,47653.0,21.0,21.0,,,,,,,,,,21.0,0.0,,,,,-16.0,,,,,,,,,,,,,,,,,,,,,,0.4,,,,0.4,True,True,True
SE,Sweden,2013,9555893,4789988.0,90083.0,46742.0,24.0,26.0,,,,,,,,,,26.0,0.0,,,,,23.8,,,,,,,,,,23.8,,,,,,,,,,,,0.5,,,,0.5,True,True,True
SE,Sweden,2014,9644864,4830507.0,88664.0,45594.0,27.0,25.0,,15627.0,9261.0,15627.0,,,,3076.0,,25.0,0.0,,2077.0,,,-3.8,,,,,,,,,,-3.8,,,,,,323.5,,,,63.7,,0.5,,,,0.5,True,True,True
SE,Sweden,2015,9747355,4875115.0,90549.0,46422.0,26.0,29.0,,15717.0,9306.0,15717.0,,,,3056.0,,29.0,0.0,,2016.0,,,16.0,,0.6,0.5,0.6,,,,-0.7,,16.0,,-2.9,,,,322.4,,,,62.7,,0.6,,,,0.6,True,True,True
SE,Sweden,2016,9851017,4920051.0,90602.0,46561.0,27.0,29.0,,12303.0,8033.0,12303.0,,,,3282.0,,29.0,0.0,,1740.0,,,0.0,,-21.7,-13.7,-21.7,,,,7.4,,0.0,,-13.7,,,,250.1,,,,66.7,,0.6,,,,0.6,True,True,True
SE,Sweden,2017,9995153,4981806.0,91638.0,47116.0,23.0,27.0,,12003.0,7202.0,11993.0,,,,3755.0,10.0,27.0,37.0,,1458.0,,,-6.9,,-2.4,-10.3,-2.5,,,,14.4,,-6.9,,-16.2,,,,240.7,,,,75.4,0.2,0.5,,,,0.5,True,True,True
SE,Sweden,2018,10120242,5037580.0,91766.0,46769.0,27.0,33.0,,15124.0,8628.0,15102.0,,,,3997.0,22.0,33.0,67.0,,1736.0,,,22.2,,26.0,19.8,25.9,,,,6.4,120.0,22.2,,19.1,,,,299.8,,,,79.3,0.4,0.7,,,,0.7,True,True,True
SE,Sweden,2019,10230185,5087747.0,88353.0,44740.0,24.0,25.0,,,,,,,,4799.0,16.0,25.0,64.0,,,,,-24.2,,,,,,,,20.1,-27.3,-24.2,,,,,,,,,,94.3,0.3,0.5,,,,0.5,True,True,True
SE,Sweden,2020,10327589,5131775.0,,48743.0,,25.0,,,,,,,,5471.0,13.0,25.0,52.0,,,,,0.0,,,,,,,,14.0,-18.8,0.0,,,,,,,,,,106.6,0.3,0.5,,,,0.5,True,True,True
SE,Sweden,2021,10379295,5156448.0,,45474.0,,24.0,,,,,,,,,15.0,24.0,63.0,,,,,-4.0,,,,,,,,,15.4,-4.0,,,,,,,,,,,0.3,0.5,,,,0.5,True,True,True
SE,Sweden,2022,10452326,,,,,,,,,,,,,,,,,,,,,,,,,,,,,,,,,,,,,,,,,,,,,,,,True,True,True
